Time,x,y,z
1.7866285384623345e+18,-0.00045809030532836825,0.04902525186538687,-0.0007579040154814706
1.7866285384673344e+18,-0.0009225246310234066,0.09805025577545162,-0.0015280485898256295
1.7866285384723346e+18,-0.0013817071169614792,0.14707521915435792,-0.00230386845767498
1.7866285384773345e+18,-0.0018379373289644722,0.19610013484954839,-0.00308447401970625
1.7866285384823345e+18,-0.0022939796186983593,0.24512502908706674,-0.0038663412258029
1.7866285384873344e+18,-0.0027503199502825725,0.2941499519348143,-0.004646355658769605
1.7866285384923346e+18,-0.003208234664052724,0.34317491292953484,-0.005423217713832853
1.7866285384973345e+18,-0.0036693597026169296,0.3921998691558838,-0.006198392286896704
1.7866285385023345e+18,-0.004132533837109804,0.44122481584548956,-0.006972900107502936
1.7866285385073344e+18,-0.0045978429168462755,0.49024971485137947,-0.00774899024516344
1.7866285385123346e+18,-0.005065239872783423,0.5392745471000673,-0.008527938947081565
1.7866285385173345e+18,-0.00553374821320176,0.5882993340492247,-0.00930914610624313
1.7866285385223345e+18,-0.006002555470913648,0.6373241043090819,-0.010091198831796643
1.7866285385273344e+18,-0.006472076904028654,0.6863488817214966,-0.010872321911156176
1.7866285385323346e+18,-0.006941833682358265,0.7353736877441406,-0.011651623472571373
1.7866285385373345e+18,-0.007410589903593064,0.7843985247612,-0.012429556623101235
1.7866285385423345e+18,-0.007879026923328638,0.8334233856201173,-0.013206266127526761
1.7866285385473344e+18,-0.008347925078123805,0.8824482536315917,-0.013982250876724717
1.7866285385523346e+18,-0.008816554751247166,0.931473126411438,-0.014757982604205607
1.7866285385573345e+18,-0.009285441897809504,0.9804979991912842,-0.015533732660114765
1.7866285385623345e+18,-0.009754791315644978,1.0295228600502015,-0.016309991367161273
1.7866285385673344e+18,-0.010223516281694172,1.0785477232933047,-0.017086416967213153
1.7866285385723346e+18,-0.01069175189360976,1.1275726032257083,-0.01786212932318449
1.7866285385773345e+18,-0.011160880923271175,1.1765974736213685,-0.018637801557779308
1.7866285385823345e+18,-0.011630351282656189,1.2256223368644716,-0.019413660950958724
1.7866285385873344e+18,-0.012098802607506511,1.2746472239494326,-0.020188764408230777
1.7866285385923346e+18,-0.012566583678126332,1.3236721324920657,-0.02096283186227083
1.7866285385973345e+18,-0.013034180104732509,1.372697060108185,-0.021735645532608025
1.7866285386023345e+18,-0.013501771353185173,1.4217220187187196,-0.022506641410291187
1.7866285386073344e+18,-0.013969691712409254,1.4707470011711123,-0.023276054970920078
1.7866285386123346e+18,-0.014437890797853466,1.5197719883918765,-0.024044857248663894
1.7866285386173345e+18,-0.014905713088810441,1.568796985149384,-0.02481325682252645
1.7866285386223345e+18,-0.015373058654367921,1.617821996212006,-0.025581117123365395
1.7866285386273344e+18,-0.01584043651819229,1.6668470120429997,-0.026348586603999132
1.7866285386323346e+18,-0.01630822045728564,1.7158720231056217,-0.027116135321557516
1.7866285386373345e+18,-0.016776353400200606,1.7648970270156865,-0.027883953973650927
1.7866285386423345e+18,-0.017244736384600404,1.8139220356941228,-0.028651200383901593
1.7866285386473344e+18,-0.017713349424302582,1.8629470467567448,-0.02941811196506023
1.7866285386523346e+18,-0.018182217516005045,1.9119720435142522,-0.03018577467650175
1.7866285386573345e+18,-0.018651370704174042,1.96099702835083,-0.030954086780548087
1.7866285386623345e+18,-0.019120973497629166,2.010021998882294,-0.03172312717884778
1.7866285386673344e+18,-0.019590807501226666,2.0590469455718994,-0.03249361962080001
1.7866285386723346e+18,-0.020061140153557065,2.108071868419647,-0.033265227489173405
1.7866285386773345e+18,-0.020531558282673362,2.157096781730652,-0.03403729464858769
1.7866285386823345e+18,-0.021001515779644254,2.206121699810028,-0.03480960063636302
1.7866285386873344e+18,-0.02147159861400724,2.255146610736847,-0.03558233458548783
1.7866285386923346e+18,-0.021941913366317754,2.30417150259018,-0.036355908587574946
1.7866285386973345e+18,-0.022412829454988247,2.3531963825225835,-0.03712994642555713
1.7866285387023345e+18,-0.0228839054144919,2.4022212600708013,-0.037904281802475445
1.7866285387073344e+18,-0.023354508373886355,2.4512461328506476,-0.03867906883358955
1.7866285387123346e+18,-0.023825107365846643,2.5002709984779363,-0.03945400923490524
1.7866285387173345e+18,-0.024295581262558704,2.549295868873596,-0.04022870086133479
1.7866285387223345e+18,-0.024765758626163013,2.598320744037628,-0.04100342348217963
1.7866285387273344e+18,-0.025236379019916065,2.647345621585846,-0.04177778221666811
1.7866285387323346e+18,-0.025707412678748376,2.696370506286621,-0.0425515904650092
1.7866285387373345e+18,-0.026178318299353128,2.7453953862190246,-0.043325784057378754
1.7866285387423345e+18,-0.026649152040481572,2.7944202613830567,-0.044100074060261236
1.7866285387473344e+18,-0.02711968341842294,2.8434451413154602,-0.04487413369119166
1.7866285387523346e+18,-0.02759007664397359,2.8924700236320495,-0.04564817640930413
1.7866285387573345e+18,-0.02806082041934133,2.9414949131011965,-0.04642162531614302
1.7866285387623345e+18,-0.028531675655394797,2.990519804954529,-0.04719479095190762
1.7866285387673344e+18,-0.02900263821706176,3.039544689655304,-0.04796836905181407
1.7866285387723346e+18,-0.02947372360154987,3.088569569587708,-0.04874217461794614
1.7866285387773345e+18,-0.02994487892836333,3.137594442367554,-0.04951637730002402
1.7866285387823345e+18,-0.03041633024811745,3.1866193056106566,-0.05029110781848429
1.7866285387873344e+18,-0.030887896530330184,3.2356441617012024,-0.05106616232544182
1.7866285387923346e+18,-0.03135877465829254,3.284669017791748,-0.05184150978922842
1.7866285387973345e+18,-0.03182914784178138,3.3336938762664796,-0.05261704947799442
1.7866285388023345e+18,-0.03229950051754714,3.3827187442779545,-0.05339220091700552
1.7866285388073344e+18,-0.032769474387168894,3.4317436289787295,-0.0541665195673704
1.7866285388123346e+18,-0.03323906496167184,3.480768523216248,-0.05494027212262152
1.7866285388173345e+18,-0.033708573319017894,3.529793419837952,-0.0557138706371188
1.7866285388223345e+18,-0.034178688097745186,3.578818306922913,-0.05648779880255459
1.7866285388273344e+18,-0.03464940382167698,3.6278431844711307,-0.0572619806230068
1.7866285388323346e+18,-0.035120022054761654,3.6768680644035343,-0.05803602032363413
1.7866285388373345e+18,-0.03559055363759399,3.7258929467201236,-0.05880994614213703
1.7866285388423345e+18,-0.03606123814359307,3.7749178361892697,-0.059583432562649224
1.7866285388473344e+18,-0.03653212236240506,3.823942730426788,-0.060356562510132765
1.7866285388523346e+18,-0.03700291972607374,3.8729676246643066,-0.061129767745733234
1.7866285388573345e+18,-0.037473295256495474,3.9219925212860107,-0.061903099156916115
1.7866285388623345e+18,-0.037943482771515845,3.971017415523529,-0.06267652940005061
1.7866285388673344e+18,-0.03841387834399938,4.020042307376862,-0.06344997715204952
1.7866285388723346e+18,-0.03888433231040835,4.069067196846008,-0.06422356002032754
1.7866285388773345e+18,-0.0393549539335072,4.118092081546783,-0.06499739482998845
1.7866285388823345e+18,-0.039826062880456446,4.167116961479187,-0.06577126134186981
1.7866285388873344e+18,-0.04029718186706305,4.2161418414115905,-0.06654516763985155
1.7866285388923346e+18,-0.040768064726144075,4.265166718959808,-0.06731943633407353
1.7866285388973345e+18,-0.04123890951275826,4.314191586971282,-0.06809425130486486
1.7866285389023345e+18,-0.04170990837737918,4.3632164478302,-0.0688693670555949
1.7866285389073344e+18,-0.04218094600364566,4.4122413063049315,-0.06964458260685204
1.7866285389123346e+18,-0.04265208208933473,4.461266164779663,-0.0704197973757982
1.7866285389173345e+18,-0.04312381891533733,4.510291016101837,-0.07119508091360328
1.7866285389223345e+18,-0.043596464525908235,4.559315857887268,-0.07197036754339932
1.7866285389273344e+18,-0.044070167113095526,4.608340690135956,-0.07274567835032938
1.7866285389323346e+18,-0.04454472811892629,4.657365510463714,-0.07352128334343432
1.7866285389373345e+18,-0.045019688494503496,4.706390321254729,-0.07429714366793629
1.7866285389423345e+18,-0.04549468159675598,4.7554151248931875,-0.07507331840693947
1.7866285389473344e+18,-0.045969570036977526,4.804439933300017,-0.07584950983524319
1.7866285389523346e+18,-0.04644430376589298,4.853464746475218,-0.07662560284137722
1.7866285389573345e+18,-0.04691893540322781,4.902489552497863,-0.07740199439227577
1.7866285389623345e+18,-0.047393557205796244,4.9515143537521356,-0.07817873109132048
1.7866285389673344e+18,-0.047868075054138905,5.000539152622222,-0.07895566586405035
1.7866285389723346e+18,-0.04834255434572697,5.0495639467239375,-0.07973272930830713
1.7866285389773345e+18,-0.048817130085080866,5.0985887384414665,-0.08050990425050254
1.7866285389823345e+18,-0.04929141452535987,5.147613534927367,-0.08128711618483062
1.7866285389873344e+18,-0.0497652230039239,5.196638333797454,-0.0820644042640924
1.7866285389923346e+18,-0.05023880034685135,5.245663130283354,-0.08284194659441704
1.7866285389973345e+18,-0.050712294206023224,5.2946879243850695,-0.08361971408128734
1.7866285390023345e+18,-0.051185719873756176,5.34371272087097,-0.08439755924046034
1.7866285390073344e+18,-0.05165888041257859,5.392737526893614,-0.08517521720379585
1.7866285390123346e+18,-0.05213174374774099,5.441762335300444,-0.08595275267958635
1.7866285390173345e+18,-0.05260446334257722,5.490787138938902,-0.0867304834723472
1.7866285390223345e+18,-0.05307691110298038,5.539811940193175,-0.08750839777290816
1.7866285390273344e+18,-0.05354868493974209,5.5888367462158195,-0.08828641112893815
1.7866285390323346e+18,-0.054020082782953976,5.637861554622649,-0.08906457584351296
1.7866285390373345e+18,-0.05449146522209048,5.686886353492736,-0.08984334331005807
1.7866285390423345e+18,-0.05496249025687575,5.735911147594451,-0.09062278710305686
1.7866285390473344e+18,-0.055432663932442665,5.78493593931198,-0.09140283759683367
1.7866285390523346e+18,-0.055901596024632454,5.833960731029509,-0.09218337364494797
1.7866285390573345e+18,-0.0563694429397583,5.882985532283782,-0.09296406764537092
1.7866285390623345e+18,-0.056837132330983864,5.932010333538053,-0.09374497942626471
1.7866285390673344e+18,-0.05730511993169783,5.98103513240814,-0.09452603418380016
1.7866285390723346e+18,-0.05777275541797279,6.030059931278227,-0.09530717022716993
1.7866285390773345e+18,-0.05823955953121184,6.079084730148313,-0.09608856342732901
1.7866285390823345e+18,-0.05870614962652324,6.1281095290184,-0.09687023591250175
1.7866285390873344e+18,-0.05917314564809202,6.1771343255043005,-0.09765185020864003
1.7866285390923346e+18,-0.0596400829963386,6.226159126758573,-0.09843317180871958
1.7866285390973345e+18,-0.060106795076280826,6.275183937549589,-0.09921403598040336
1.7866285391023345e+18,-0.060573565158993,6.324208755493162,-0.09999433185905213
1.7866285391073344e+18,-0.06104031125083565,6.373233578205107,-0.100774325877428
1.7866285391123346e+18,-0.06150686934590339,6.422258405685423,-0.10155429724603886
1.7866285391173345e+18,-0.06197338325902819,6.471283235549925,-0.10233431689441198
1.7866285391223345e+18,-0.06244013408198952,6.520308065414427,-0.10311416801065201
1.7866285391273344e+18,-0.06290705516934395,6.569332897663115,-0.10389358475804324
1.7866285391323346e+18,-0.06337374161928892,6.6183577394485456,-0.10467248264700169
1.7866285391373345e+18,-0.06384017219766974,6.667382590770719,-0.10545107495039696
1.7866285391423345e+18,-0.06430654926225543,6.716407444477079,-0.10622952297329898
1.7866285391473344e+18,-0.06477269453927875,6.765432300567625,-0.10700784776359791
1.7866285391523346e+18,-0.0652387178875506,6.81445715665817,-0.10778632089495653
1.7866285391573345e+18,-0.06570492021739484,6.86348201036453,-0.10856476146727795
1.7866285391623345e+18,-0.06617132162675263,6.9125068688392615,-0.10934274766594167
1.7866285391673344e+18,-0.06663781514391304,6.961531732082364,-0.11012048762291665
1.7866285391723346e+18,-0.06710409162566067,7.010556597709654,-0.11089817814528938
1.7866285391773345e+18,-0.06757000906392933,7.059581468105314,-0.11167572088539596
1.7866285391823345e+18,-0.06803569942712785,7.108606338500975,-0.11245339557528491
1.7866285391873344e+18,-0.0685010912641883,7.15763121128082,-0.11323121406137937
1.7866285391923346e+18,-0.06896621067076922,7.206656086444852,-0.11400903645902866
1.7866285391973345e+18,-0.06943107901141048,7.255680961608884,-0.11478694856166834
1.7866285392023345e+18,-0.0698956042714417,7.304705836772916,-0.11556503113359207
1.7866285392073344e+18,-0.07035993395373226,7.353730709552762,-0.11634342338889832
1.7866285392123346e+18,-0.07082421023398638,7.402755582332608,-0.1171218585595488
1.7866285392173345e+18,-0.07128855822607875,7.45178045749664,-0.11790002275258298
1.7866285392223345e+18,-0.0717530038021505,7.500805332660672,-0.11867812108248467
1.7866285392273344e+18,-0.07221739284694195,7.549830212593076,-0.11945602480322118
1.7866285392323346e+18,-0.07268169358372689,7.598855102062222,-0.12023352447897191
1.7866285392373345e+18,-0.07314589781686665,7.64787999629974,-0.12101081352680917
1.7866285392423345e+18,-0.07361003156751396,7.696904892921444,-0.12178789049386975
1.7866285392473344e+18,-0.07407419426366689,7.745929791927335,-0.12256467994302508
1.7866285392523346e+18,-0.07453857520595195,7.7949546957015965,-0.123341140858829
1.7866285392573345e+18,-0.07500326910987498,7.843979601860044,-0.1241173246130347
1.7866285392623345e+18,-0.07546790085732939,7.893004512786862,-0.12489314123988149
1.7866285392673344e+18,-0.07593227270990613,7.942029433250425,-0.125668573603034
1.7866285392723346e+18,-0.0763965239748359,7.99105436325073,-0.12644355148077008
1.7866285392773345e+18,-0.07686061119660738,8.04007930278778,-0.12721791859716175
1.7866285392823345e+18,-0.07732464421540501,8.08910425186157,-0.1279917450994253
1.7866285392873344e+18,-0.07778883760795,8.138129203319547,-0.12876534573733805
1.7866285392923346e+18,-0.07825297486037018,8.187154152393338,-0.1295390050113201
1.7866285392973345e+18,-0.07871688688173892,8.23617910146713,-0.13031277436763047
1.7866285393023345e+18,-0.0791806046664715,8.285204055309293,-0.13108645293861626
1.7866285393073344e+18,-0.07964416041970256,8.334229016304015,-0.13185983918607233
1.7866285393123346e+18,-0.08010784057900311,8.383253977298734,-0.13263311672955747
1.7866285393173345e+18,-0.08057182520627977,8.43227892875671,-0.13340676877647634
1.7866285393223345e+18,-0.08103613736107947,8.481303865909574,-0.1341811396926641
1.7866285393273344e+18,-0.08150071244686843,8.530328788757322,-0.1349562411382794
1.7866285393323346e+18,-0.08196539472788573,8.579353699684141,-0.13573208998888728
1.7866285393373345e+18,-0.08243014683946968,8.628378596305845,-0.1365087269619107
1.7866285393423345e+18,-0.08289480498060585,8.677403481006621,-0.13728612441569563
1.7866285393473344e+18,-0.08335953250527382,8.726428360939025,-0.13806384850293393
1.7866285393523346e+18,-0.08382453270256521,8.775453238487243,-0.13884155355393885
1.7866285393573345e+18,-0.08428987964987755,8.824478113651274,-0.1396192824095487
1.7866285393623345e+18,-0.08475556287914517,8.873502984046937,-0.14039699818938967
1.7866285393673344e+18,-0.08522110866382719,8.922527859210968,-0.14117443256080145
1.7866285393723346e+18,-0.08568628359586003,8.971552746295929,-0.14195137873291966
1.7866285393773345e+18,-0.08615127220749856,9.020577642917631,-0.14272787719964977
1.7866285393823345e+18,-0.0866161522269249,9.069602551460264,-0.14350374609231945
1.7866285393873344e+18,-0.08708097549155355,9.118627471923826,-0.14427883904427288
1.7866285393923346e+18,-0.0875458307750523,9.16765240192413,-0.14505328774452206
1.7866285393973345e+18,-0.08801049059256912,9.21667734146118,-0.14582734141498802
1.7866285394023345e+18,-0.08847471388056874,9.265702290534971,-0.14660112794488664
1.7866285394073344e+18,-0.08893867077305914,9.314727246761322,-0.14737460818141696
1.7866285394123346e+18,-0.0894024619832635,9.363752210140227,-0.1481477558612823
1.7866285394173345e+18,-0.08986606646329166,9.412777180671691,-0.14892049521207806
1.7866285394223345e+18,-0.09032942848280073,9.461802153587339,-0.14969313703477377
1.7866285394273344e+18,-0.09079250616952779,9.51082712650299,-0.15046590689569708
1.7866285394323346e+18,-0.09125545913353564,9.559852099418638,-0.15123871125280852
1.7866285394373345e+18,-0.09171857152134183,9.608877067565917,-0.15201179720461366
1.7866285394423345e+18,-0.09218198152258994,9.657902028560637,-0.15278520125895734
1.7866285394473344e+18,-0.09264538852497937,9.706926984786987,-0.1535589241236448
1.7866285394523346e+18,-0.0931086057983339,9.755951933860779,-0.1543331710249185
1.7866285394573345e+18,-0.09357190819457176,9.804976871013642,-0.15510807428508994
1.7866285394623345e+18,-0.0940355327539146,9.854001791477202,-0.1558838544413447
1.7866285394673344e+18,-0.09449954638257625,9.903026697635651,-0.15666024196892975
1.7866285394723346e+18,-0.09496381407603623,9.952051599025726,-0.15743684623390433
1.7866285394773345e+18,-0.09542800633236768,10.001076498031617,-0.1582137355953455
1.7866285394823345e+18,-0.09589215857908132,10.050101389884949,-0.1589910877123475
1.7866285394873344e+18,-0.09635642480105165,10.09912627696991,-0.15976867690682411
1.7866285394923346e+18,-0.09682068059220912,10.148151168823242,-0.16054598815739154
1.7866285394973345e+18,-0.09728451592847707,10.197176072597504,-0.16132279187440873
1.7866285395023345e+18,-0.09774787141010167,10.246200985908507,-0.1620992000028491
1.7866285395073344e+18,-0.09821090707555415,10.295225906372067,-0.16287527080625294
1.7866285395123346e+18,-0.09867356240749361,10.34425083875656,-0.16365081127732992
1.7866285395173345e+18,-0.09913602301850916,10.393275780677794,-0.16442588008940218
1.7866285395223345e+18,-0.0995983348041773,10.442300732135772,-0.16520052526146173
1.7866285395273344e+18,-0.1000606086291373,10.491325695514677,-0.16597446549683806
1.7866285395323346e+18,-0.10052292281761768,10.540350666046141,-0.16674783449620006
1.7866285395373345e+18,-0.100985050406307,10.589375641345976,-0.1675209698081016
1.7866285395423345e+18,-0.10144701516255739,10.638400621414183,-0.1682938455417752
1.7866285395473344e+18,-0.10190875129774214,10.687425611019131,-0.16906640045344826
1.7866285395523346e+18,-0.10237020781263712,10.736450605392454,-0.16983888566493985
1.7866285395573345e+18,-0.10283179422840477,10.785475594997402,-0.17061149720102545
1.7866285395623345e+18,-0.10329389382153752,10.834500577449797,-0.17138426303863524
1.7866285395673344e+18,-0.10375650946050884,10.88352554798126,-0.17215753015130755
1.7866285395723346e+18,-0.10421945611014964,10.93255050420761,-0.1729315610229969
1.7866285395773345e+18,-0.10468259889632464,10.981575448513029,-0.1737061624228954
1.7866285395823345e+18,-0.10514613024890425,11.030600383281707,-0.17448116447776554
1.7866285395873344e+18,-0.10560998799279334,11.07962531328201,-0.17525625105947254
1.7866285395923346e+18,-0.10607397930696609,11.12865024089813,-0.17603128869086504
1.7866285395973345e+18,-0.10653794893994929,11.177675166130063,-0.17680658057332038
1.7866285396023345e+18,-0.10700158249586823,11.226700091361998,-0.1775820875912905
1.7866285396073344e+18,-0.10746509946882726,11.275725018978116,-0.17835749633610248
1.7866285396123346e+18,-0.10792850879952313,11.324749951362609,-0.17913274224847556
1.7866285396173345e+18,-0.10839173410087825,11.3737748837471,-0.17990806777030227
1.7866285396223345e+18,-0.1088549894653261,11.422799813747407,-0.18068343590945005
1.7866285396273344e+18,-0.10931835290044548,11.471824746131897,-0.18145852953195568
1.7866285396323346e+18,-0.10978189911693335,11.520849680900573,-0.18223337788134808
1.7866285396373345e+18,-0.11024557765573265,11.569874615669251,-0.1830082086473703
1.7866285396423345e+18,-0.11070923645049334,11.618899555206298,-0.18378274425864213
1.7866285396473344e+18,-0.11117275457829238,11.667924501895904,-0.18455684311687942
1.7866285396523346e+18,-0.1116360991448164,11.71694945335388,-0.18533077534288162
1.7866285396573345e+18,-0.11209929751232267,11.765974411964416,-0.18610442768782373
1.7866285396623345e+18,-0.11256248908117414,11.814999377727506,-0.18687765002250667
1.7866285396673344e+18,-0.11302590453997256,11.86402434825897,-0.18765042450278996
1.7866285396723346e+18,-0.11348941184580327,11.913049323558806,-0.18842275768518443
1.7866285396773345e+18,-0.11395279299467805,11.962074298858642,-0.18919520772993562
1.7866285396823345e+18,-0.11441598931327464,12.01109927177429,-0.1899680550396442
1.7866285396873344e+18,-0.11487893622368577,12.060124249458312,-0.19074074622243642
1.7866285396923346e+18,-0.11534186217933895,12.109149231910703,-0.19151314754039048
1.7866285396973345e+18,-0.11580492448061708,12.158174214363097,-0.19228548455983402
1.7866285397023345e+18,-0.11626806067302825,12.207199192047117,-0.19305804740637542
1.7866285397073344e+18,-0.11673126729205253,12.256224160194396,-0.1938310806453228
1.7866285397123346e+18,-0.11719461396336557,12.30524911880493,-0.19460464164614677
1.7866285397173345e+18,-0.11765824759379032,12.354274070262909,-0.1953785189241171
1.7866285397223345e+18,-0.11812221832573415,12.403299016952513,-0.19615246042609213
1.7866285397273344e+18,-0.11858654612675311,12.452323958873748,-0.19692650120705366
1.7866285397323346e+18,-0.11905121581628919,12.501348893642424,-0.19770083781331776
1.7866285397373345e+18,-0.11951603762805463,12.550373823642731,-0.19847545374184847
1.7866285397423345e+18,-0.11998108522966504,12.599398753643035,-0.19924995239824056
1.7866285397473344e+18,-0.12044652502983809,12.648423683643342,-0.20002414461225274
1.7866285397523346e+18,-0.12091201562434434,12.697448618412018,-0.20079793635755777
1.7866285397573345e+18,-0.12137713784351943,12.746473565101622,-0.20157117966562507
1.7866285397623345e+18,-0.12184194346889853,12.795498523712158,-0.20234385177493094
1.7866285397673344e+18,-0.12230665711686013,12.844523489475248,-0.2031161434203386
1.7866285397723346e+18,-0.12277133816853164,12.893548460006713,-0.203888150639832
1.7866285397773345e+18,-0.12323600642383097,12.942573437690733,-0.20465969324111935
1.7866285397823345e+18,-0.1237006416171789,12.991598424911498,-0.20543072562664746
1.7866285397873344e+18,-0.12416509589180348,13.040623419284818,-0.20620149999856946
1.7866285397923346e+18,-0.12462932916358112,13.089648416042326,-0.20697216853499412
1.7866285397973345e+18,-0.12509327428415415,13.138673415184018,-0.20774279106408355
1.7866285398023345e+18,-0.12555689822882413,13.187698416709898,-0.20851342473179102
1.7866285398073344e+18,-0.12602045152336358,13.23672341585159,-0.20928418695926665
1.7866285398123346e+18,-0.12648412091657518,13.285748410224912,-0.21005526401102542
1.7866285398173345e+18,-0.12694791957736012,13.33477339982986,-0.21082662191241977
1.7866285398223345e+18,-0.1274117963761091,13.38379838466644,-0.21159817561507224
1.7866285398273344e+18,-0.127875552047044,13.432823369503017,-0.21236988659948108
1.7866285398323346e+18,-0.12833902867510913,13.481848356723782,-0.21314165040850638
1.7866285398373345e+18,-0.12880248224362728,13.530873336791988,-0.2139137392863631
1.7866285398423345e+18,-0.12926598692312835,13.57989830970764,-0.21468630425632
1.7866285398473344e+18,-0.12972948640584944,13.62892327547073,-0.2154592982307076
1.7866285398523346e+18,-0.1301929704286158,13.677948234081265,-0.21623271498829125
1.7866285398573345e+18,-0.1306562435813248,13.7269731926918,-0.21700634390115733
1.7866285398623345e+18,-0.13111948842182755,13.77599815368652,-0.21777988407760857
1.7866285398673344e+18,-0.13158304231241344,13.82502311468124,-0.2185532176867127
1.7866285398723346e+18,-0.13204687936231493,13.874048070907591,-0.21932648498564958
1.7866285398773345e+18,-0.13251075992360709,13.923073027133938,-0.22009975541383026
1.7866285398823345e+18,-0.13297450186684723,13.972097985744472,-0.2208729305490851
1.7866285398873344e+18,-0.13343800533562894,14.021122953891751,-0.2216457239165902
1.7866285398923346e+18,-0.13390134369954462,14.070147933959957,-0.22241808801889418
1.7866285398973345e+18,-0.13436476606875655,14.119172918796536,-0.2231900705769658
1.7866285399023345e+18,-0.13482840945944186,14.168197908401485,-0.22396166458725927
1.7866285399073344e+18,-0.13529218660667536,14.217222900390622,-0.22473292376846074
1.7866285399123346e+18,-0.13575584080070252,14.266247899532313,-0.22550379425287245
1.7866285399173345e+18,-0.13621971856802698,14.315272908210751,-0.22627400364726782
1.7866285399223345e+18,-0.13668375378474587,14.36429792642593,-0.22704349011182784
1.7866285399273344e+18,-0.13714724978432055,14.41332295656204,-0.22781255323439836
1.7866285399323346e+18,-0.13761018384248014,14.462347993850704,-0.22858152896165845
1.7866285399373345e+18,-0.13807277914136645,14.511373031139371,-0.2293506234511733
1.7866285399423345e+18,-0.13853517336770887,14.56039806604385,-0.2301198013499379
1.7866285399473344e+18,-0.13899733820930119,14.609423105716703,-0.23088896982371807
1.7866285399523346e+18,-0.13945938840508454,14.658448147773738,-0.23165816091001032
1.7866285399573345e+18,-0.13992167279124254,14.70747318744659,-0.23242731031030417
1.7866285399623345e+18,-0.14038441384211175,14.756498219966883,-0.2331966159492731
1.7866285399673344e+18,-0.14084762763231987,14.805523235797878,-0.23396652523428202
1.7866285399723346e+18,-0.14131118433549994,14.854548239707942,-0.23473700389266014
1.7866285399773345e+18,-0.1417750326916575,14.90357323646545,-0.23550787437707188
1.7866285399823345e+18,-0.14223908264189955,14.952598223686213,-0.23627907369285822
1.7866285399873344e+18,-0.14270310670137404,15.001623206138607,-0.23705069914460183
1.7866285399923346e+18,-0.143166930321604,15.050648183822627,-0.23782275840640069
1.7866285399973345e+18,-0.14363051887601613,15.099673154354091,-0.23859512705355884
1.7866285400023345e+18,-0.14409405222162602,15.14869812726974,-0.23936752580106258
1.7866285400073344e+18,-0.14455751592293378,15.19772310972213,-0.24013953901827334
1.7866285400123346e+18,-0.14502052789553999,15.246748101711267,-0.2409111238270998
1.7866285400173345e+18,-0.14548320548608898,15.295773108005516,-0.2416820651292801
1.7866285400223345e+18,-0.14594602277502416,15.344798126220697,-0.242452348805964
1.7866285400273344e+18,-0.14640886614099144,15.393823144435876,-0.24322248224169016
1.7866285400323346e+18,-0.14687153223901986,15.442848165035242,-0.24399253472685817
1.7866285400373345e+18,-0.1473340379633009,15.491873190402977,-0.24476231325417758
1.7866285400423345e+18,-0.14779626911506055,15.540898222923273,-0.24553183384239677
1.7866285400473344e+18,-0.1482583009265363,15.589923262596123,-0.24630126621574164
1.7866285400523346e+18,-0.1487203974276781,15.638948297500605,-0.24707083672285082
1.7866285400573345e+18,-0.14918264035135506,15.687973330020897,-0.2478404000401497
1.7866285400623345e+18,-0.14964508293196557,15.736998362541193,-0.24860988270491366
1.7866285400673344e+18,-0.15010765908285972,15.7860233926773,-0.24937942955642942
1.7866285400723346e+18,-0.15057034669443964,15.835048420429224,-0.2501489594951273
1.7866285400773345e+18,-0.15103312036022543,15.884073443412774,-0.250918734446168
1.7866285400823345e+18,-0.15149596612900496,15.93309846401214,-0.2516888291388751
1.7866285400873344e+18,-0.1519589715823531,15.982123479843132,-0.25245898786932236
1.7866285400923346e+18,-0.15242197057232262,16.031148490905757,-0.253229260891676
1.7866285400973345e+18,-0.15288498055189848,16.080173497200008,-0.2540000086277724
1.7866285401023345e+18,-0.15334816951304675,16.12919849157333,-0.25477152734994896
1.7866285401073344e+18,-0.15381145730614662,16.178223476409908,-0.2555436106026173
1.7866285401123346e+18,-0.15427490105852484,16.227248456478115,-0.2563159023970366
1.7866285401173345e+18,-0.15473872134461997,16.27627343177795,-0.25708830222487455
1.7866285401223345e+18,-0.15520284578204155,16.325298402309414,-0.2578608636558057
1.7866285401273344e+18,-0.15566700983792542,16.374323368072506,-0.2586336126178504
1.7866285401323346e+18,-0.156131009273231,16.423348333835598,-0.25940639808774
1.7866285401373345e+18,-0.1565948494710028,16.472373301982877,-0.26017921078950174
1.7866285401423345e+18,-0.1570586873590946,16.52139827251434,-0.260951952636242
1.7866285401473344e+18,-0.15752261254936456,16.570423247814176,-0.26172427747398624
1.7866285401523346e+18,-0.15798662122339008,16.619448227882383,-0.2624961782246829
1.7866285401573345e+18,-0.15845084831118583,16.66847320795059,-0.2632678531110288
1.7866285401623345e+18,-0.15891519347205757,16.717498188018798,-0.2640394488722087
1.7866285401673344e+18,-0.15937930263578892,16.766523170471192,-0.26481097500771295
1.7866285401723346e+18,-0.15984325107187033,16.81554815530777,-0.2655824618786574
1.7866285401773345e+18,-0.16030718844383957,16.864573144912722,-0.2663537888228894
1.7866285401823345e+18,-0.16077123729512097,16.913598132133487,-0.2671250816434622
1.7866285401873344e+18,-0.16123552201315763,16.96262311458588,-0.267896586842835
1.7866285401923346e+18,-0.1617000557854772,17.01164809465409,-0.26866823300719267
1.7866285401973345e+18,-0.16216489929705863,17.060673072338112,-0.26943988963961607
1.7866285402023345e+18,-0.1626300013996661,17.109698047637945,-0.27021144457161433
1.7866285402073344e+18,-0.16309518346562984,17.158723020553595,-0.27098300032317646
1.7866285402123346e+18,-0.163560456186533,17.207747991085057,-0.27175464604049926
1.7866285402173345e+18,-0.16402590317651633,17.25677295684815,-0.2725263180211187
1.7866285402223345e+18,-0.16449147934094074,17.30579792261124,-0.2732979881763459
1.7866285402273344e+18,-0.16495728136971596,17.354822888374333,-0.27406973175704485
1.7866285402323346e+18,-0.16542332394048573,17.40384784936905,-0.2748416898027063
1.7866285402373345e+18,-0.16588933743536474,17.4528728055954,-0.2756139941513539
1.7866285402423345e+18,-0.16635522056370974,17.50189775466919,-0.27638671427965167
1.7866285402473344e+18,-0.16682095343247058,17.550922698974613,-0.27715986285358674
1.7866285402523346e+18,-0.16728678742423655,17.599947633743287,-0.27793349821120505
1.7866285402573345e+18,-0.16775294421240688,17.648972561359408,-0.2787072375416756
1.7866285402623345e+18,-0.16822282925248147,17.69799746513367,-0.27948029492050414
1.7866285402673344e+18,-0.1687003112025559,17.747022314071657,-0.2802522588148713
1.7866285402723346e+18,-0.1691816162131727,17.79604713916779,-0.2810234105959535
1.7866285402773345e+18,-0.16966053346171978,17.845071985721592,-0.28179463613778355
1.7866285402823345e+18,-0.17013764653354888,17.894096844196326,-0.2825660445541144
1.7866285402873344e+18,-0.17061681261286143,17.9431216955185,-0.2833367358893156
1.7866285402923346e+18,-0.17109688578173524,17.992146553993233,-0.28410657167434694
1.7866285402973345e+18,-0.17157505763694647,18.041171433925637,-0.28487621184438466
1.7866285403023345e+18,-0.1720522359013558,18.090196323394785,-0.2856458171084523
1.7866285403073344e+18,-0.17252971785143023,18.139221217632304,-0.28641481053084134
1.7866285403123346e+18,-0.1730062158219517,18.188246219158184,-0.28717771224677563
1.7866285403173345e+18,-0.1734884244576097,18.237271463871014,-0.28792105630040166
1.7866285403223345e+18,-0.17397911585867412,18.28629690885545,-0.28864534601569175
1.7866285403273344e+18,-0.17447619080543525,18.33532260179521,-0.28934807073324914
1.7866285403323346e+18,-0.1749793426133693,18.384348719120037,-0.29001595869660374
1.7866285403373345e+18,-0.17548878259956843,18.433375277519236,-0.290645551495254
1.7866285403423345e+18,-0.17600713919848213,18.48240223646165,-0.2912354754656553
1.7866285403473344e+18,-0.17652711546048533,18.531429615020762,-0.2917880582250655
1.7866285403523346e+18,-0.1770290895551444,18.580457565784464,-0.29230516649782656
1.7866285403573345e+18,-0.1774915820546449,18.629486269950874,-0.29278563052415846
1.7866285403623345e+18,-0.17790374400094158,18.678515784740455,-0.2932275271229446
1.7866285403673344e+18,-0.17826007744297395,18.727546091079724,-0.29362804176285867
1.7866285403723346e+18,-0.17855524430051456,18.776577136516583,-0.29398520754650237
1.7866285403773345e+18,-0.17878487398847948,18.82560882091523,-0.29430013730190696
1.7866285403823345e+18,-0.17894436235539624,18.87464101076127,-0.2945770440995693
1.7866285403873344e+18,-0.17902676071506002,18.923673563003547,-0.2948209625203162
1.7866285403923346e+18,-0.17902088567847393,18.97270631313325,-0.2950362931005656
1.7866285403973345e+18,-0.17891173874493696,19.021739027500164,-0.2952292066067457
1.7866285404023345e+18,-0.17868328750599183,19.070771379470834,-0.2954071996826678
1.7866285404073344e+18,-0.1783204070245848,19.119802937507636,-0.29557887349277734
1.7866285404123346e+18,-0.1778610266325996,19.168833723068246,-0.29575272283516824
1.7866285404173345e+18,-0.17735036972444512,19.21786397695542,-0.2959329283982515
1.7866285404223345e+18,-0.1767885662196205,19.266893646717076,-0.29612013769336043
1.7866285404273344e+18,-0.17617372037377219,19.315922651290897,-0.29631481392309067
1.7866285404323346e+18,-0.1755035874014721,19.364950895309455,-0.29651832598261535
1.7866285404373345e+18,-0.17477900804486132,19.41397831678391,-0.29673253123648463
1.7866285404423345e+18,-0.17400101692881442,19.463004868030552,-0.29695743058808144
1.7866285404473344e+18,-0.17316880857106307,19.51203048229218,-0.2971925668325275
1.7866285404523346e+18,-0.1722828651731834,19.561055102348334,-0.29743905826471745
1.7866285404573345e+18,-0.17134571229573342,19.610078706741337,-0.29769811330363155
1.7866285404623345e+18,-0.17036057380493735,19.659101295471196,-0.29797101323492825
1.7866285404673344e+18,-0.1693324449053035,19.708122920989993,-0.2982579099759459
1.7866285404723346e+18,-0.16826844917144626,19.75714370489121,-0.2985578200034797
1.7866285404773345e+18,-0.16717458428349347,19.806163768768315,-0.29886814920231697
1.7866285404823345e+18,-0.1660539027070627,19.855183186531068,-0.2991849153116345
1.7866285404873344e+18,-0.1649109199410305,19.904202060699465,-0.2995061023160815
1.7866285404923346e+18,-0.16375272249337283,19.953220565319068,-0.29982927795499564
1.7866285404973345e+18,-0.16258285874035208,20.002238824367527,-0.30014736419543625
1.7866285405023345e+18,-0.16139952508267016,20.05125683307648,-0.3004536488465965
1.7866285405073344e+18,-0.16019941983278846,20.100274512767793,-0.3007472304068506
1.7866285405123346e+18,-0.1589803533395753,20.149291791915893,-0.30102958087809384
1.7866285405173345e+18,-0.1577407352766022,20.198308622837068,-0.30130017750896515
1.7866285405223345e+18,-0.1564779824158177,20.247324929237365,-0.3015580200403929
1.7866285405273344e+18,-0.1551900592586026,20.296340639591214,-0.30180472566746175
1.7866285405323346e+18,-0.15388050199951983,20.34535582065582,-0.30204313956201073
1.7866285405373345e+18,-0.15255334713961927,20.394370565414427,-0.3022736697643995
1.7866285405423345e+18,-0.15120621980633586,20.4433847951889,-0.30249797870405015
1.7866285405473344e+18,-0.14983321086969228,20.49239830255508,-0.302722823722288
1.7866285405523346e+18,-0.14843289481010294,20.541411008834835,-0.30295381987467407
1.7866285405573345e+18,-0.14701355659868565,20.59042313337326,-0.30319188226014376
1.7866285405623345e+18,-0.1455857724091038,20.63943496227264,-0.30343974829651416
1.7866285405673344e+18,-0.1441566117247567,20.688446676731107,-0.30370221340097486
1.7866285405723346e+18,-0.14273045556154107,20.73745839834213,-0.3039797334372997
1.7866285405773345e+18,-0.14131002755369987,20.786470212936404,-0.3042699467297644
1.7866285405823345e+18,-0.13989663170184938,20.835482151508334,-0.3045730439666659
1.7866285405873344e+18,-0.13849376620259138,20.8844943022728,-0.304890549890697
1.7866285405923346e+18,-0.1371081155678258,20.933506853580475,-0.3052214974910021
1.7866285405973345e+18,-0.13574748837854708,20.98252000331879,-0.30556671643629674
1.7866285406023345e+18,-0.1344223475595936,21.031534018516542,-0.30592643214389686
1.7866285406073344e+18,-0.13314340801443905,21.08054917097092,-0.30629784828051926
1.7866285406123346e+18,-0.1319205783074722,21.129565675258636,-0.3066794551536441
1.7866285406173345e+18,-0.13076442660298193,21.178583717346193,-0.3070708741433919
1.7866285406223345e+18,-0.1296848850464448,21.227603437900544,-0.3074704232998193
1.7866285406273344e+18,-0.12869026449974624,21.27662491559982,-0.30787465395405894
1.7866285406323346e+18,-0.12778689892496914,21.325648131370542,-0.3082818577997387
1.7866285406373345e+18,-0.1269795940956101,21.374672982692715,-0.30869341099634773
1.7866285406423345e+18,-0.1262715743621811,21.42369931459427,-0.30911132387816914
1.7866285406473344e+18,-0.12566379939671604,21.472726917266847,-0.30953767208382493
1.7866285406523346e+18,-0.12515549776609985,21.52175553560257,-0.30997717661783103
1.7866285406573345e+18,-0.12474496943410485,21.570784904956817,-0.31043506484478717
1.7866285406623345e+18,-0.12442638868931677,21.619814758300784,-0.31091420367360123
1.7866285406673344e+18,-0.12419361354317512,21.668844923973086,-0.31141059817746286
1.7866285406723346e+18,-0.12404196195770052,21.71787539482117,-0.31190852627158167
1.7866285406773345e+18,-0.12394585107918826,21.766906046867373,-0.31240373468026517
1.7866285406823345e+18,-0.12386848216177893,21.81593657255173,-0.31291467875242235
1.7866285406873344e+18,-0.12379842366557565,21.864966785907747,-0.3134555923007429
1.7866285406923346e+18,-0.12374508087290448,21.91399667263031,-0.31402693720534447
1.7866285406973345e+18,-0.12371754438790955,21.963026247024537,-0.3146263716928661
1.7866285407023345e+18,-0.12372214426286515,22.012055506706243,-0.3152515676617623
1.7866285407073344e+18,-0.12376995053025891,22.061084475517276,-0.3158972042426468
1.7866285407123346e+18,-0.12387616240070198,22.110113148689273,-0.31655779000371703
1.7866285407173345e+18,-0.1240527807793114,22.159141457080842,-0.3172301250323654
1.7866285407223345e+18,-0.12431047501624559,22.208169302940373,-0.31790980335325014
1.7866285407273344e+18,-0.12466413563699458,22.25719652414322,-0.31859062306582936
1.7866285407323346e+18,-0.12512455609277817,22.30622287273407,-0.3192701621353627
1.7866285407373345e+18,-0.12569210075424048,22.355248103141786,-0.3199493800848723
1.7866285407423345e+18,-0.1263657560257707,22.40427201747895,-0.3206266052275897
1.7866285407473344e+18,-0.1271499121619854,22.45329437017441,-0.32129769608378417
1.7866285407523346e+18,-0.12804790568188762,22.50231487989426,-0.3219609168171883
1.7866285407573345e+18,-0.1290578028990421,22.55133332014084,-0.32261618793010716
1.7866285407623345e+18,-0.13017669685767025,22.600349512100223,-0.3232623226940632
1.7866285407673344e+18,-0.13140244186506608,22.64936328411103,-0.32389821939170366
1.7866285407723346e+18,-0.13273088724003174,22.698374509811405,-0.3245244383066893
1.7866285407773345e+18,-0.13415240161702965,22.747383234500887,-0.32514245908707384
1.7866285407823345e+18,-0.13565369956777426,22.796389672756195,-0.32575348164886236
1.7866285407873344e+18,-0.13721993297920568,22.84539416790009,-0.32635778209194544
1.7866285407923346e+18,-0.13883726589963774,22.894397084712985,-0.32695559246465566
1.7866285407973345e+18,-0.14049599573598243,22.94339866399765,-0.3275494970753789
1.7866285408023345e+18,-0.1421901608316693,22.992399067878722,-0.3281405561417341
1.7866285408073344e+18,-0.14391133010969503,23.041398565769196,-0.328729126919061
1.7866285408123346e+18,-0.14563669555471281,23.090397877693174,-0.3293208491802216
1.7866285408173345e+18,-0.14734411679790355,23.139397761821744,-0.329917047098279
1.7866285408223345e+18,-0.14903626137063836,23.18839821338653,-0.3305103388801217
1.7866285408273344e+18,-0.15072789595113145,23.23739877462387,-0.3310959273017943
1.7866285408323346e+18,-0.1524250037281309,23.286399228572844,-0.33167454702779653
1.7866285408373345e+18,-0.15412078090594153,23.335399816036222,-0.3322457112744451
1.7866285408423345e+18,-0.1558071738539729,23.3844008731842,-0.33280424315482376
1.7866285408473344e+18,-0.1574784146307503,23.433402614593508,-0.33334824562072757
1.7866285408523346e+18,-0.15912520841346128,23.48240531206131,-0.33388049116358165
1.7866285408573345e+18,-0.1607457857637201,23.531408989429472,-0.3344028129987419
1.7866285408623345e+18,-0.1623513855098281,23.580413234233855,-0.3349179547093809
1.7866285408673344e+18,-0.16394696221337665,23.62941785812378,-0.33542797747999437
1.7866285408723346e+18,-0.1655236161558424,23.67842316865921,-0.3359309417940677
1.7866285408773345e+18,-0.16707087003276688,23.727429506778716,-0.3364251336269081
1.7866285408823345e+18,-0.16858090654597618,23.776437084674832,-0.33691143397241835
1.7866285408873344e+18,-0.1700489211885724,23.825445995330806,-0.33739179324358703
1.7866285408923346e+18,-0.17147143640206203,23.874456276893614,-0.3378691745735705
1.7866285408973345e+18,-0.17284434140310628,23.923467974662778,-0.3383465144969523
1.7866285409023345e+18,-0.17416282661841254,23.972481141090388,-0.33882617738097903
1.7866285409073344e+18,-0.1754234210087452,24.021495804786674,-0.3393083692155778
1.7866285409123346e+18,-0.17662368223653183,24.0705119729042,-0.33979135351255535
1.7866285409173345e+18,-0.17775943756685597,24.119529674053187,-0.3402744331024587
1.7866285409223345e+18,-0.17882537827477793,24.16854892969131,-0.3407586001977324
1.7866285409273344e+18,-0.17981677914574182,24.21756732953584,-0.3412452866159092
1.7866285409323343e+18,-0.1807324291178775,24.266587171742337,-0.34173506576808355
1.786628540937334e+18,-0.18157335369241812,24.315613117411377,-0.3422274483333794
1.7866285409423342e+18,-0.1823393922890482,24.36463787813449,-0.3427215466428069
1.7866285409473341e+18,-0.18302783501102207,24.413661384655626,-0.3432164726655037
1.786628540952334e+18,-0.18363297433360096,24.46268838651338,-0.3437110491718203
1.786628540957334e+18,-0.18414832221833785,24.511718819439174,-0.3442044100647426
1.7866285409623342e+18,-0.1845698967997523,24.560747773945092,-0.34469599553547864
1.7866285409673341e+18,-0.18489669889265634,24.60977508305688,-0.3451849875908738
1.786628540972334e+18,-0.18512996678294574,24.6588053631701,-0.34566962571185283
1.786628540977334e+18,-0.18527485177512742,24.707838454592853,-0.34614649481484316
1.7866285409823342e+18,-0.18534668660616033,24.756869423735765,-0.34661251952284594
1.7866285409873341e+18,-0.18536857640768206,24.805898117991855,-0.34707201488477124
1.786628540992334e+18,-0.1853525955310491,24.854929187270574,-0.3475340672784759
1.786628540997334e+18,-0.1852974048829216,24.9039625719625,-0.34800130953777986
1.7866285410023342e+18,-0.18520079500875877,24.952993476732395,-0.3484706689207669
1.7866285410073341e+18,-0.18506191050248064,25.00202189682051,-0.3489388531352851
1.786628541012334e+18,-0.18487911328287637,25.05105259655043,-0.34940385482269265
1.786628541017334e+18,-0.18464892223273127,25.10008552345633,-0.3498653284304546
1.7866285410223342e+18,-0.18436712913942246,25.149115817874662,-0.3503234224796997
1.7866285410273341e+18,-0.1840294806390788,25.198143394002216,-0.350778547451323
1.786628541032334e+18,-0.183632201208898,25.247172925481102,-0.3512324944887814
1.786628541037334e+18,-0.18317373955227087,25.296204307359172,-0.3516872896288087
1.7866285410423342e+18,-0.18265397509164763,25.345232665818642,-0.35214422742245094
1.7866285410473341e+18,-0.18207338703496176,25.394257917478555,-0.352604288144078
1.786628541052334e+18,-0.18143163842780305,25.443284766748427,-0.35306787735041595
1.786628541057334e+18,-0.18072704426716557,25.492313108641184,-0.35353555765074085
1.7866285410623342e+18,-0.17995972972135538,25.541338069635902,-0.35400792514976454
1.7866285410673341e+18,-0.17913125447522768,25.590359614067935,-0.354482998412127
1.786628541072334e+18,-0.17824213366549374,25.639382498436834,-0.35495717832076024
1.786628541077334e+18,-0.17729390308584553,25.68840669879666,-0.35542871211913457
1.7866285410823342e+18,-0.17628981225516185,25.737427418324856,-0.35589779773053754
1.7866285410873341e+18,-0.1752334680678673,25.786444661895736,-0.35636496523259475
1.786628541092334e+18,-0.17412931914351648,25.835463273803697,-0.3568293840052028
1.786628541097334e+18,-0.17298264327750842,25.884483339783497,-0.3572903799329196
1.7866285411023342e+18,-0.17179870206223175,25.933500146862812,-0.3577493165869509
1.7866285411073341e+18,-0.17058120387440479,25.98251373803941,-0.3582079034694397
1.786628541112334e+18,-0.1693331770489172,26.03152895963517,-0.35866576981031534
1.786628541117334e+18,-0.16805652418929135,26.08054586403025,-0.3591212932056478
1.7866285411223342e+18,-0.16675450363951722,26.129559740945226,-0.35957347520056276
1.7866285411273341e+18,-0.16543231917735152,26.178570731102134,-0.36002046608136146
1.786628541132334e+18,-0.16409256180938298,26.22758370679488,-0.360460084870021
1.786628541137334e+18,-0.1627368925040541,26.2765987109011,-0.36089171584352875
1.7866285411423342e+18,-0.16136982130761723,26.325611066705545,-0.3613160495053234
1.7866285411473341e+18,-0.15999764410267792,26.374620941117982,-0.36173364825644505
1.786628541152334e+18,-0.15862480392168488,26.423633251622896,-0.3621442416133822
1.786628541157334e+18,-0.15725063235672537,26.47264796961285,-0.36254895558457967
1.7866285411623342e+18,-0.15586850249382087,26.521660082230344,-0.3629518049198031
1.7866285411673341e+18,-0.15447191778263053,26.570669363009507,-0.36335759764762304
1.786628541172334e+18,-0.1530605298622509,26.619680564868027,-0.3637694170907297
1.786628541177334e+18,-0.1516392306269376,26.66869382366503,-0.3641877103522046
1.7866285411823342e+18,-0.15021294556867767,26.71770451530779,-0.36460907031964496
1.7866285411873341e+18,-0.14878167719270324,26.76671266603807,-0.36503036694862373
1.786628541192334e+18,-0.1473443333866749,26.815723026279006,-0.3654524479273749
1.786628541197334e+18,-0.1459054928400297,26.864735736686498,-0.3658744784707941
1.7866285412023342e+18,-0.144475420353629,26.913746330577645,-0.36629411321904437
1.7866285412073341e+18,-0.14306127063880242,26.96275500818726,-0.36671197045543785
1.786628541212334e+18,-0.14166459158013145,27.011766603436435,-0.3671272746095955
1.786628541217334e+18,-0.1402865391162746,27.06078116406244,-0.3675374265407953
1.7866285412223342e+18,-0.1389270554421059,27.109793860805457,-0.367946053112093
1.7866285412273341e+18,-0.13758997881608276,27.158804726990756,-0.36836050321534
1.786628541232334e+18,-0.13628541523413928,27.20781881371408,-0.3687805477641495
1.786628541237334e+18,-0.1350224955081654,27.256836385713772,-0.369200364892772
1.7866285412423342e+18,-0.13380849537250514,27.30585280893918,-0.3696189397959324
1.7866285412473341e+18,-0.13265062506933148,27.354868183399667,-0.37003910440171967
1.786628541252334e+18,-0.1315531940727347,27.40388731506013,-0.3704625954028488
1.786628541257334e+18,-0.13051532468301644,27.45291010629735,-0.37088987617972635
1.7866285412623342e+18,-0.12953555820984228,27.50193165313802,-0.37132202786612656
1.7866285412673341e+18,-0.12861801819220683,27.55095194354956,-0.3717613684359285
1.786628541272334e+18,-0.12776875664756202,27.5999757768244,-0.3722095223303231
1.786628541277334e+18,-0.1269908356196161,27.649003100620117,-0.37266694312727305
1.7866285412823342e+18,-0.12628561268513158,27.698029041515202,-0.37313405446520304
1.7866285412873341e+18,-0.12565597582814056,27.7470535159685,-0.37361147249704757
1.786628541292334e+18,-0.12510659212452133,27.796081259308036,-0.37409775769925274
1.786628541297334e+18,-0.1246426392708941,27.84511222631752,-0.37458916441436124
1.7866285413023342e+18,-0.1242693660584314,27.894141547988056,-0.3750826513663979
1.7866285413073341e+18,-0.12399108692021812,27.94316909312271,-0.3755773107085843
1.786628541312334e+18,-0.12381122323633875,27.99219948529266,-0.3760726704571862
1.786628541317334e+18,-0.12373126889951741,28.041232560025296,-0.37656574705932505
1.7866285413223342e+18,-0.12374977833614899,28.090263417111476,-0.3770474389785922
1.7866285413273341e+18,-0.1238465596929883,28.13929196355527,-0.3775125880120377
1.786628541332334e+18,-0.12398316996719141,28.18832280872052,-0.37797855348792475
1.786628541337334e+18,-0.12413763820572113,28.237355776159557,-0.37846676864688383
1.7866285413423342e+18,-0.12431012329092538,28.286386015741616,-0.378981611924517
1.7866285413473341e+18,-0.12450774928765679,28.335413529883372,-0.3795185298649158
1.786628541352334e+18,-0.12474081716711008,28.384443111430155,-0.3800708831091906
1.786628541357334e+18,-0.1250222190703331,28.43347471743263,-0.38063326474512726
1.7866285413623342e+18,-0.12536495435527248,28.48250345259346,-0.38120266877348336
1.7866285413673341e+18,-0.1257784240472398,28.53152918345132,-0.3817774564638804
1.786628541372334e+18,-0.12626749576658822,28.580556564394616,-0.3823563800804387
1.786628541377334e+18,-0.1268334101746728,28.6295854761356,-0.3829383156022978
1.7866285413823342e+18,-0.12747461060536405,28.678611052250254,-0.38352164983218434
1.7866285413873341e+18,-0.12818655518523486,28.7276332499173,-0.3841057604631261
1.786628541392334e+18,-0.12896406693092616,28.77665682331589,-0.3846919392874316
1.786628541397334e+18,-0.12980399624556924,28.825681729429167,-0.3852807777926074
1.7866285414023342e+18,-0.1307035640731516,28.874703161828915,-0.3858713328830646
1.7866285414073341e+18,-0.1316581458236903,28.92372116114979,-0.3864619813400051
1.786628541412334e+18,-0.13266354102751907,28.972740559839057,-0.38705101930598823
1.786628541417334e+18,-0.13371836820785904,29.021761331572307,-0.38763867342767033
1.7866285414223342e+18,-0.1348207702318301,29.070778648867382,-0.38822740828540836
1.7866285414273341e+18,-0.1359658466129546,29.11979255474114,-0.38881935889124103
1.786628541432334e+18,-0.1371501447110419,29.168807881241076,-0.3894147081322891
1.786628541437334e+18,-0.13837648070983924,29.217824544821624,-0.39001207882565553
1.7866285414423342e+18,-0.1396481849589232,29.266837656412964,-0.39060960078639084
1.7866285414473341e+18,-0.1409629750064138,29.315847268577777,-0.3912043125170714
1.786628541452334e+18,-0.1423201513847831,29.364858193870745,-0.391792843806321
1.786628541457334e+18,-0.14372261254640178,29.41387030104978,-0.3923762756827156
1.7866285414623342e+18,-0.14516548721643044,29.462878842156957,-0.3929597940909545
1.7866285414673341e+18,-0.14663599938588745,29.511884177301308,-0.3935425964079497
1.786628541472334e+18,-0.14812676325874927,29.560891392801185,-0.3941171945340631
1.786628541477334e+18,-0.1496398775759713,29.60990043376758,-0.3946817459036348
1.7866285414823342e+18,-0.15117661466036,29.658906416643404,-0.3952397907581863
1.7866285414873341e+18,-0.15273074761615632,29.707909525066956,-0.39579184351600366
1.786628541492334e+18,-0.15429394700215707,29.756914814144718,-0.3963376246403869
1.786628541497334e+18,-0.15585954733639443,29.805922472215833,-0.3968786551108488
1.7866285415023342e+18,-0.15742282696514806,29.854927861429395,-0.39741472485045876
1.7866285415073341e+18,-0.15898434800293532,29.903930977005153,-0.39794477674555767
1.786628541512334e+18,-0.16054617700364687,29.952936542648466,-0.39846906687510003
1.786628541517334e+18,-0.16210377949417085,30.00194469665444,-0.39898802835610425
1.7866285415223342e+18,-0.16364716912746874,30.050950963248372,-0.39950095391017115
1.7866285415273341e+18,-0.16516791818330373,30.099955630853295,-0.40000509471489026
1.786628541532334e+18,-0.16666571123192406,30.148963525846128,-0.4004972191606267
1.786628541537334e+18,-0.16814780927938552,30.19797441941534,-0.4009769600811151
1.7866285415423342e+18,-0.16961804941040604,30.24698337298666,-0.4014466886403707
1.7866285415473341e+18,-0.17107098093077136,30.295990546248497,-0.4019057101871331
1.786628541552334e+18,-0.17250115712925396,30.34500093271548,-0.4023485802601536
1.786628541557334e+18,-0.17390962159128098,30.394014520546182,-0.4027714302025552
1.7866285415623342e+18,-0.17529916336626913,30.44302640905021,-0.403175871019047
1.7866285415673341e+18,-0.17666951534259487,30.492036562398766,-0.4035657289996707
1.786628541572334e+18,-0.1780169348876494,30.541049840883115,-0.40394346237182255
1.786628541577334e+18,-0.17933637375233008,30.590066359021233,-0.4043101373160116
1.7866285415823342e+18,-0.18062403323349785,30.639081404187248,-0.4046662083672218
1.7866285415873341e+18,-0.18187910595648235,30.68809497390722,-0.40501165631327696
1.786628541592334e+18,-0.18310390529893592,30.737111776218168,-0.4053467097795374
1.786628541597334e+18,-0.18429955573813964,30.786131753978786,-0.4056728093579914
1.7866285416023342e+18,-0.18546182015972185,30.835150184688626,-0.40599227056582826
1.7866285416073341e+18,-0.1865819929619097,30.88416722084547,-0.40630814621733863
1.786628541612334e+18,-0.18765270807638396,30.933187771096474,-0.4066215084171517
1.786628541617334e+18,-0.18867184005466656,30.982211845088287,-0.4069304222526539
1.7866285416223342e+18,-0.18964088752654745,31.031234569716734,-0.4072345261095602
1.7866285416273341e+18,-0.19056148529941264,31.08025584236486,-0.4075369678933366
1.786628541632334e+18,-0.19143287905449094,31.129280398047996,-0.40784117715733187
1.786628541637334e+18,-0.1922522005098722,31.17830822731578,-0.40814843613808394
1.7866285416423342e+18,-0.19301659353401876,31.227334530607102,-0.4084586155429983
1.7866285416473341e+18,-0.19372346127540505,31.276359286380586,-0.4087711689472698
1.786628541652334e+18,-0.19437062485278284,31.325387246681032,-0.40908589819823726
1.786628541657334e+18,-0.19495798270628853,31.374418337674236,-0.40940313718812643
1.7866285416623342e+18,-0.1954860775120656,31.42344768557081,-0.4097236830514866
1.7866285416673341e+18,-0.195953094091356,31.472475230705463,-0.41004853586035456
1.786628541672334e+18,-0.1963570914865436,31.521505701553547,-0.4103776769556352
1.786628541677334e+18,-0.19669797241613426,31.570539024253616,-0.4107101571503217
1.7866285416823342e+18,-0.19697579407058813,31.619570329566727,-0.4110456506478722
1.7866285416873341e+18,-0.1971914216909113,31.668599534013666,-0.4113838070108695
1.786628541692334e+18,-0.1973511888492408,31.717631330469047,-0.4117250502145989
1.786628541697334e+18,-0.1974756426440522,31.766665594968483,-0.41207130247412166
1.7866285417023342e+18,-0.19758487684949935,31.815697434339214,-0.41242656821070156
1.7866285417073341e+18,-0.19768031994252058,31.864726819975424,-0.41279390379480535
1.786628541712334e+18,-0.1977547824466467,31.913758559210347,-0.41317145172200614
1.786628541717334e+18,-0.19780181348290854,31.962792673498747,-0.41355561578366173
1.7866285417223342e+18,-0.1978160008892496,32.0118243745867,-0.4139446349600257
1.7866285417273341e+18,-0.1977934410289071,32.06085363148316,-0.4143394700207309
1.786628541732334e+18,-0.19773245946561466,32.10988519190415,-0.4147417709000901
1.786628541737334e+18,-0.19763206053252944,32.15891901053907,-0.4151523437723935
1.7866285417423342e+18,-0.19749198647409358,32.20795026101592,-0.41557193735618597
1.7866285417473341e+18,-0.19731491588626832,32.25697891235876,-0.41600184909923693
1.786628541752334e+18,-0.19710519736272128,32.306009716992854,-0.4164441486999275
1.786628541757334e+18,-0.19686622813145635,32.35504264866736,-0.41690088881585224
1.7866285417623342e+18,-0.19659882705460305,32.404072897786165,-0.4173726996633731
1.7866285417673341e+18,-0.1963006965343456,32.45310043815268,-0.4178586022256149
1.786628541772334e+18,-0.19596760154632734,32.50213002685202,-0.4183563873617185
1.786628541777334e+18,-0.19559557395544921,32.55116162331729,-0.41886455980072956
1.7866285417823342e+18,-0.19518332401779565,32.60019039900928,-0.41938299304749116
1.7866285417873341e+18,-0.194730617889435,32.649216313440476,-0.4199117391058406
1.786628541792334e+18,-0.19423651630175204,32.69824411161629,-0.4204503983133635
1.786628541797334e+18,-0.19370251447478398,32.74727378394968,-0.4209981724286962
1.7866285418023342e+18,-0.19313294433573347,32.79630056884653,-0.42155438362085706
1.7866285418073341e+18,-0.19253121533897768,32.845324487811666,-0.4221182670621937
1.786628541812334e+18,-0.19189904728439702,32.89435035956536,-0.42268727542746715
1.786628541817334e+18,-0.19123742808476432,32.94337820552325,-0.42325901386623793
1.7866285418223342e+18,-0.19054682821855293,32.99240322373843,-0.42383354555179886
1.7866285418273341e+18,-0.18982769857509896,33.04142541902141,-0.42440971048927334
1.786628541832334e+18,-0.18908000125898883,33.09044959085063,-0.4249851163514557
1.786628541837334e+18,-0.18830368836837164,33.139475734416756,-0.4255586673814694
1.7866285418423342e+18,-0.18749958542602413,33.188499064628395,-0.42612957674375573
1.7866285418473341e+18,-0.18666952306021167,33.237519595830946,-0.42669826168218955
1.786628541852334e+18,-0.18581822776783422,33.28654215833476,-0.4272669821384023
1.786628541857334e+18,-0.18495304675558047,33.335566842707934,-0.42783795178873046
1.7866285418623342e+18,-0.18408034855285127,33.384588971289936,-0.4284113271628092
1.7866285418673341e+18,-0.18320318900827523,33.43360862038682,-0.42898513049331166
1.786628541872334e+18,-0.1823227083388364,33.4826306178386,-0.4295578696809397
1.786628541877334e+18,-0.1814379709445938,33.53165496364086,-0.4301281994441632
1.7866285418823342e+18,-0.18054459004188625,33.58067679181545,-0.4306956266472224
1.7866285418873341e+18,-0.17963884014133955,33.62969598793915,-0.43126386321298366
1.786628541892334e+18,-0.17872372738514689,33.678717324971466,-0.4318389777202118
1.786628541897334e+18,-0.177807891537227,33.727740936408644,-0.43242323290733464
1.7866285419023342e+18,-0.1768979615539092,33.77676219237864,-0.4330133478174902
1.7866285419073341e+18,-0.1759936835554444,33.82578112387064,-0.4336059982780634
1.786628541912334e+18,-0.1750905827743017,33.87480244659784,-0.43420079792703375
1.786628541917334e+18,-0.17418914546662284,33.923826162944316,-0.4347985013423221
1.7866285419223342e+18,-0.17329657559686615,33.97284761441755,-0.43539872167983223
1.7866285419273341e+18,-0.17241917302621812,34.021866934512865,-0.43599961103715484
1.786628541932334e+18,-0.17156114784790488,34.07088902017952,-0.4365983703344363
1.786628541937334e+18,-0.1707247473005272,34.119913931061404,-0.4371926320839993
1.7866285419423342e+18,-0.16990745500513088,34.168936810661926,-0.437783451725947
1.7866285419473341e+18,-0.16910733792896726,34.21795759934397,-0.43837252584032466
1.786628541952334e+18,-0.16833006471361378,34.26698116797419,-0.4389600866355722
1.786628541957334e+18,-0.16758727432966855,34.31600766918564,-0.4395470801378969
1.7866285419623342e+18,-0.1668859521094027,34.36503238222503,-0.44013447411464485
1.7866285419673341e+18,-0.16622270698917138,34.41405525935185,-0.44071970112332287
1.786628541972334e+18,-0.16559466361326206,34.46308106911671,-0.4412984591507274
1.786628541977334e+18,-0.16500243397839123,34.512109782960614,-0.44187167568921987
1.7866285419823342e+18,-0.1644450656365579,34.56113650825282,-0.4424450478409225
1.7866285419873341e+18,-0.16392376158114344,34.61016120442457,-0.4430211436776361
1.786628541992334e+18,-0.16344410545851853,34.65918873318739,-0.44359596252719974
1.786628541997334e+18,-0.1630129079995831,34.70821917565039,-0.44416470319025747
1.7866285420023342e+18,-0.16263626865205966,34.75724774153403,-0.44472764890634053
1.7866285420073341e+18,-0.16231951686436646,34.80627436403383,-0.4452880653706642
1.786628542012334e+18,-0.16206345495650878,34.8553037643825,-0.4458460052651616
1.786628542017334e+18,-0.1618657928296006,34.904335885394254,-0.4463990585608716
1.7866285420223342e+18,-0.16172510155575487,34.95336587463681,-0.4469461291758651
1.7866285420273341e+18,-0.16163874551777355,35.0023936581784,-0.44748768407532297
1.786628542032334e+18,-0.16159560386214963,35.05142393352325,-0.44802592228778926
1.786628542037334e+18,-0.16157502613147995,35.10045661007742,-0.44856496154924375
1.7866285420423342e+18,-0.16157391170623056,35.14948686634878,-0.44910654501651864
1.7866285420473341e+18,-0.1616143694857662,35.19851473094873,-0.4496459082298241
1.786628542052334e+18,-0.1617044921766562,35.24754498006754,-0.45018040522637587
1.786628542057334e+18,-0.16181945161954306,35.296577554096714,-0.4507168067603778
1.7866285420623342e+18,-0.16193834433392426,35.34560761486484,-0.45126324275354257
1.7866285420673341e+18,-0.16207073087286353,35.39463512900659,-0.451820169070679
1.786628542072334e+18,-0.16223001470271647,35.443664879830564,-0.4523839784766914
1.786628542077334e+18,-0.16240742102748545,35.49269685778419,-0.4529569237635532
1.7866285420823342e+18,-0.1625810447011033,35.54172627005378,-0.45354522503475336
1.7866285420873341e+18,-0.16274988990500988,35.59075309996762,-0.45415064205645456
1.786628542092334e+18,-0.16293119466156186,35.63978210930982,-0.45476957981704613
1.786628542097334e+18,-0.16311734471614656,35.688813431580336,-0.4553933591906688
1.7866285421023342e+18,-0.1632906018491387,35.73784240515974,-0.4560173149545452
1.7866285421073341e+18,-0.16345385097170104,35.78686898951443,-0.4566438108001338
1.786628542112334e+18,-0.16362086013162364,35.83589795117291,-0.45727060437840084
1.786628542117334e+18,-0.16379599100317022,35.88492929490215,-0.45789599168445133
1.7866285421223342e+18,-0.1639684427470263,35.93395823987132,-0.45852252877648136
1.7866285421273341e+18,-0.16413442491643193,35.982984793233115,-0.45915050002575375
1.786628542132334e+18,-0.16430146466098788,36.032013735818104,-0.459778437454407
1.786628542137334e+18,-0.1644724504510898,36.08104506762583,-0.4604057537727066
1.7866285421423342e+18,-0.16464292003317063,36.130074005442445,-0.461033219579608
1.7866285421473341e+18,-0.16481077051206852,36.17910055642017,-0.4616610841417758
1.786628542152334e+18,-0.16497947570353175,36.228129506157714,-0.46228859834019825
1.786628542157334e+18,-0.16515051960168625,36.277160845118345,-0.4629156026129466
1.7866285421623342e+18,-0.1653214944542035,36.32618978531915,-0.4635427990813595
1.7866285421673341e+18,-0.16549158267090636,36.37521632914466,-0.4641704750785401
1.786628542172334e+18,-0.16566246478232163,36.42424525980873,-0.4647983144948056
1.786628542177334e+18,-0.1658345705425029,36.47327657969495,-0.46542626839041706
1.7866285421823342e+18,-0.16600652874127378,36.52230550559064,-0.4660545413932204
1.7866285421873341e+18,-0.16617823974557427,36.57133203272767,-0.46668306965795175
1.786628542192334e+18,-0.16635081329710988,36.62036094908662,-0.467311629135579
1.786628542197334e+18,-0.16652429199624635,36.66939225943562,-0.4679401721773637
1.7866285422023342e+18,-0.1666981106422452,36.7184211710262,-0.4685688509387864
1.7866285422073341e+18,-0.16687239650666086,36.76744767909067,-0.4691979489588475
1.786628542212334e+18,-0.16704754974722233,36.81647657160776,-0.4698277076074218
1.786628542217334e+18,-0.16722336252919992,36.86550785096083,-0.4704579994976202
1.7866285422223342e+18,-0.16739953131183646,36.91453672917281,-0.47108869487044014
1.7866285422273341e+18,-0.16757619497813292,36.96356320624438,-0.47171993117722466
1.786628542232334e+18,-0.1677533697567881,37.01259206776705,-0.4723518116021414
1.786628542237334e+18,-0.167930880003604,37.061623311355596,-0.4729842869170852
1.7866285422423342e+18,-0.1681086654225317,37.1106521514206,-0.47361726768099743
1.7866285422473341e+18,-0.1682867371704904,37.1596785951152,-0.4742504757249089
1.786628542252334e+18,-0.16846511449148036,37.20870743279602,-0.47488378904548606
1.786628542257334e+18,-0.16864375585685118,37.257738662078744,-0.47551726241443154
1.7866285422623342e+18,-0.1688226210697983,37.30676749499119,-0.47615078431401253
1.7866285422673341e+18,-0.16900166135525366,37.35579393391765,-0.476784308545125
1.786628542272334e+18,-0.16918081930151244,37.404822769214285,-0.47741772200150534
1.786628542277334e+18,-0.16936009627900853,37.45385399849701,-0.4780508869013529
1.7866285422823342e+18,-0.16953946056909697,37.50288283379364,-0.47868386744174773
1.7866285422873341e+18,-0.16971897289097593,37.55190927510417,-0.47931681100296286
1.786628542292334e+18,-0.16989880679115937,37.600938108016614,-0.4799497956784299
1.786628542297334e+18,-0.17007891295631614,37.64996933253074,-0.48058295640574855
1.7866285423023342e+18,-0.17025912918304292,37.69899815829063,-0.48121640808360744
1.7866285423073341e+18,-0.17043944784188605,37.74802458291267,-0.4818502036516157
1.786628542312334e+18,-0.170619997500721,37.79705339675163,-0.48248444877905516
1.786628542317334e+18,-0.17080087669204502,37.84608460219133,-0.4831190494758876
1.7866285423223342e+18,-0.17098216826106935,37.89511341126192,-0.4837537974802644
1.7866285423273341e+18,-0.17116412092939917,37.944139819195485,-0.4843887331549495
1.786628542332334e+18,-0.17134677846924368,37.99316861157677,-0.48502399286520176
1.786628542337334e+18,-0.17153002626922242,38.042199790789155,-0.4856595546966064
1.7866285423423342e+18,-0.1717138990453284,38.09122857601788,-0.4862951566865313
1.7866285423473341e+18,-0.17189839506866908,38.14025496487889,-0.48693075945362857
1.786628542352334e+18,-0.17208341007465994,38.18928374057088,-0.4875667753233056
1.786628542357334e+18,-0.17226883346657884,38.23831490786175,-0.4882031142882106
1.7866285423623342e+18,-0.17245483772340844,38.28734367401699,-0.48883962390786384
1.7866285423673341e+18,-0.17264150487030314,38.3363700390373,-0.48947638715798075
1.786628542372334e+18,-0.17282854150751994,38.38539879803998,-0.49011332228029186
1.786628542377334e+18,-0.17301571868410318,38.43442994864074,-0.4907503209890684
1.7866285423823342e+18,-0.17320301556078702,38.48345870049087,-0.491387297760125
1.7866285423873341e+18,-0.17339045892714447,38.53248505835897,-0.4920244449944158
1.786628542392334e+18,-0.17357805201097315,38.5815138102091,-0.4926618521855135
1.786628542397334e+18,-0.17376596104725583,38.63054495365695,-0.4932993941426458
1.7866285424023342e+18,-0.17395430470257386,38.67957370073871,-0.4939370070815267
1.7866285424073341e+18,-0.17414287161750125,38.728600049070536,-0.4945747609124692
1.786628542412334e+18,-0.17433147434813306,38.77762878661555,-0.4952128690541895
1.786628542417334e+18,-0.1745202919432616,38.82665991337329,-0.49585142232800455
1.7866285424223342e+18,-0.17470939956248757,38.87568864138156,-0.4964902716162297
1.7866285424273341e+18,-0.1748987063118814,38.92471496825676,-0.49712949686499003
1.786628542432334e+18,-0.17508822835102664,38.97374368195991,-0.497769096165911
1.786628542437334e+18,-0.17527799814890777,39.02277478487462,-0.4984089754842999
1.7866285424423342e+18,-0.17546804972875568,39.07180348904103,-0.4990490945004704
1.7866285424473341e+18,-0.17565832797710734,39.12082979684368,-0.4996893207976109
1.786628542452334e+18,-0.1758488991604461,39.169858498625906,-0.5003296746188289
1.786628542457334e+18,-0.17603975581827241,39.21888959200341,-0.5009701296716912
1.7866285424623342e+18,-0.17623076348456226,39.26791828663308,-0.5016107430711373
1.7866285424673341e+18,-0.17642206024273974,39.31694458489945,-0.5022515629643013
1.786628542472334e+18,-0.17661372026324015,39.36597327714494,-0.5028923906051923
1.786628542477334e+18,-0.1768057078812888,39.415004360985236,-0.5035331595290873
1.7866285424823342e+18,-0.17699796238361504,39.46403304846235,-0.5041739732746455
1.7866285424873341e+18,-0.17719052638641894,39.51305934196058,-0.5048147657882628
1.786628542492334e+18,-0.17738341789475978,39.562088024669315,-0.5054555908959565
1.786628542497334e+18,-0.17757667832038465,39.6111190965881,-0.5060964522488166
1.7866285425023342e+18,-0.17777035133875077,39.660147774528475,-0.5067372684158137
1.7866285425073341e+18,-0.1779642704149244,39.709174058490426,-0.5073781689948256
1.786628542512334e+18,-0.17815837593949416,39.758202734046606,-0.5080192286467964
1.786628542517334e+18,-0.17835267131992283,39.80723379642818,-0.5086606195755294
1.7866285425223342e+18,-0.1785471519719124,39.85626245767924,-0.5093024634756139
1.7866285425273341e+18,-0.17874188826236673,39.90528872256864,-0.5099446975316796
1.786628542532334e+18,-0.17893693888377196,39.95431737905134,-0.5105872142936978
1.786628542537334e+18,-0.17913222163541082,40.003348424742796,-0.511229917967069
1.7866285425423342e+18,-0.17932779725266462,40.05237707168876,-0.5118727553275704
1.7866285425473341e+18,-0.1795237800668299,40.10140332227374,-0.5125155757156982
1.786628542552334e+18,-0.17972018110596832,40.150431966835505,-0.5131584081588163
1.786628542557334e+18,-0.1799177950718347,40.19946298629964,-0.5138022152052882
1.7866285425623342e+18,-0.1801174089410249,40.248491580793505,-0.5144476089344981
1.7866285425673341e+18,-0.18031899206453247,40.297517757472335,-0.5150943032863571
1.786628542572334e+18,-0.18052245909461065,40.346546304282484,-0.5157422353911234
1.786628542577334e+18,-0.18072793165535334,40.395577223605926,-0.5163911531893746
1.7866285425823342e+18,-0.18093524189048113,40.4446057322691,-0.5170406809849873
1.7866285425873341e+18,-0.1811442034200106,40.49363183265772,-0.5176907379921987
1.786628542592334e+18,-0.18135513927529495,40.542660312710666,-0.5183414684605314
1.786628542597334e+18,-0.18156816552895566,40.59169117004225,-0.5189928875780707
1.7866285426023342e+18,-0.1817827914612319,40.640719619100786,-0.5196448035827881
1.7866285426073341e+18,-0.18199873744794445,40.68974566227173,-0.5202971241893694
1.786628542612334e+18,-0.1822163562505068,40.738774082720035,-0.520950106409423
1.786628542617334e+18,-0.18243560814075657,40.787804880444064,-0.5216039047997811
1.7866285426223342e+18,-0.18265612461381145,40.83683326512958,-0.522258549616895
1.7866285426273341e+18,-0.18287782673115066,40.88585923201031,-0.5229144385793144
1.786628542632334e+18,-0.18310094151968292,40.93488756424374,-0.5235721012168462
1.786628542637334e+18,-0.18332571512786378,40.98391825705847,-0.5242318560411724
1.7866285426423342e+18,-0.18355219243792523,41.032946515382136,-0.5248939828430804
1.7866285426473341e+18,-0.18378046519946817,41.08197233445056,-0.5255586331114511
1.786628542652334e+18,-0.18401073789116504,41.13100050932773,-0.5262254839539866
1.786628542657334e+18,-0.18424308563579256,41.18003104239421,-0.5268944883434298
1.7866285426623342e+18,-0.18447752900418277,41.229059140977434,-0.5275656402198794
1.7866285426673341e+18,-0.18471435942931363,41.278084802697286,-0.5282389137044331
1.786628542672334e+18,-0.18495381175784656,41.32711282021819,-0.5289141425758382
1.786628542677334e+18,-0.1851958759251395,41.376143200689334,-0.5295907342992134
1.7866285426823342e+18,-0.1854404201015243,41.42517116098978,-0.5302683664298959
1.7866285426873341e+18,-0.18568702959741062,41.47419670112208,-0.5309469906601546
1.786628542692334e+18,-0.18593547359394438,41.52322460897044,-0.5316266219678757
1.786628542697334e+18,-0.18618571643937115,41.57225489168519,-0.5323071436546172
1.7866285427023342e+18,-0.18643759538639074,41.621282761386574,-0.5329883623457874
1.7866285427073341e+18,-0.18669077846000373,41.670308220460534,-0.5336703323566574
1.786628542712334e+18,-0.18694480431044877,41.7193360591675,-0.5343532925837893
1.786628542717334e+18,-0.18719964277730042,41.76836627035319,-0.5350373314515776
1.7866285427223342e+18,-0.18745561060295157,41.817394066144814,-0.5357223858879037
1.7866285427273341e+18,-0.18771291397240136,41.86641944892854,-0.5364084065816472
1.786628542732334e+18,-0.18797154513847206,41.91544720657319,-0.5370954151189993
1.786628542737334e+18,-0.18823149476690493,41.96447733907691,-0.5377833211014379
1.7866285427423342e+18,-0.18849287757208846,42.013505056190404,-0.5384721002692688
1.7866285427473341e+18,-0.18875568587879277,42.062530355531706,-0.5391618967701373
1.786628542752334e+18,-0.18901988597201747,42.11155802496149,-0.5398529565234361
1.786628542757334e+18,-0.1892856071392333,42.16058806209311,-0.5405453263666617
1.7866285427623342e+18,-0.18955304506852083,42.20961568145499,-0.5412387084286796
1.7866285427673341e+18,-0.18982203212871246,42.258640883049445,-0.5419332072828851
1.786628542772334e+18,-0.19009225487082296,42.30766844995923,-0.5426292249505362
1.786628542777334e+18,-0.19036384064843087,42.356698382181555,-0.5433267376591114
1.7866285427823342e+18,-0.19063704645400076,42.405725889486696,-0.5440257321317343
1.7866285427873341e+18,-0.19091244510558025,42.45475099095024,-0.5447245619832205
1.786628542792334e+18,-0.19119831441153368,42.50377846487679,-0.5454206351576972
1.786628542797334e+18,-0.19150762989019343,42.55280824450377,-0.5461128923798984
1.7866285428023342e+18,-0.19183201244865844,42.60183556584243,-0.5468028532470649
1.7866285428073341e+18,-0.19215512658180645,42.65086049326891,-0.5474933800181839
1.786628542812334e+18,-0.1924786501628344,42.69988779314989,-0.5481852762481663
1.786628542817334e+18,-0.19280548287696211,42.748917453561766,-0.5488780524658992
1.7866285428223342e+18,-0.19313007405168384,42.79794469622229,-0.5495735791030361
1.7866285428273341e+18,-0.193448038445976,42.84696952113378,-0.5502736983262925
1.786628542832334e+18,-0.19376126889158454,42.895996716110595,-0.5509777015634805
1.786628542837334e+18,-0.19407218482378663,42.94502627399748,-0.551685092249823
1.7866285428423342e+18,-0.19438008404370188,42.99405340698545,-0.5523958882558468
1.7866285428473341e+18,-0.19468482782340318,43.04307812699789,-0.5531091624759097
1.786628542852334e+18,-0.19498847156039148,43.092105224223076,-0.5538241511471529
