Time,x
0,-0.120582856
0.004999756,-0.120273575
0.009999756,-0.119936839
0.014999756,-0.119645499
0.02,-0.1187682
0.024999756,-0.117648937
0.029999756,-0.116326585
0.034999756,-0.108294345
0.04,-0.095784128
0.044999756,-0.079485297
0.049999756,-0.050002545
0.054999756,-0.020840066
0.06,-0.009794108
0.064999756,0.01881144
0.069999756,0.040242355
0.074999756,0.06062156
0.08,0.064275399
0.084999756,0.066051416
0.089999756,0.06913694
0.094999756,0.071822837
0.1,0.074519314
0.104999756,0.077375107
0.109999756,0.079022072
0.114999756,0.081080809
0.12,0.085978158
0.124999756,0.088268928
0.129999756,0.08876659
0.134999756,0.092121914
0.14,0.093888372
0.144999756,0.096023984
0.149999756,0.098884046
0.154999756,0.100796379
0.16,0.103985325
0.164999756,0.107011132
0.169999756,0.110252425
0.174999756,0.113770202
0.18,0.116977446
0.184999756,0.120040126
0.189999756,0.123449057
0.194999756,0.125505611
0.2,0.127784297
0.204999756,0.129639149
0.209999756,0.130949184
0.214999756,0.132507205
0.22,0.133902282
0.224999756,0.135120988
0.229999756,0.137327939
0.234999756,0.138861418
0.24,0.139780253
0.244999756,0.141125634
0.249999756,0.14162001
0.254999756,0.142868772
0.26,0.143491477
0.264999756,0.144067109
0.269999756,0.142940104
0.274999756,0.141271859
0.28,0.137795553
0.284999756,0.133623451
0.289999756,0.13055557
0.294999756,0.127392337
0.3,0.124547094
0.304999756,0.118485451
0.309999756,0.114558592
0.314999756,0.108487703
0.32,0.104164921
0.324999756,0.095911145
0.329999756,0.091903917
0.334999756,0.084514618
0.34,0.078953534
0.344999756,0.073390797
0.349999756,0.067875825
0.354999756,0.063626818
0.36,0.060272042
0.364999756,0.056409523
0.369999756,0.052022129
0.374999756,0.047345184
0.38,0.041800175
0.384999756,0.035501998
0.389999756,0.029499236
0.394999756,0.023325633
0.4,0.018015312
0.404999756,0.015295475
0.409999756,0.011216485
0.414999756,0.006950639
0.42,0.001824212
0.424999756,-0.000953773
0.429999756,-0.005821102
0.434999756,-0.010667074
0.44,-0.015051224
0.444999756,-0.020366549
0.449999756,-0.025400873
0.454999756,-0.030406442
0.46,-0.035784312
0.464999756,-0.040633906
0.469999756,-0.045248661
0.474999756,-0.050007463
0.48,-0.054390099
0.484999756,-0.058724452
0.489999756,-0.063258961
0.494999756,-0.067634054
0.5,-0.069226988
0.504999756,-0.070113517
0.509999756,-0.075931825
0.514999756,-0.080375426
0.52,-0.082842514
0.524999756,-0.086403787
0.529999756,-0.088932067
0.534999756,-0.092560276
0.54,-0.096532702
0.544999756,-0.100553893
0.549999756,-0.104218751
0.554999756,-0.108944535
0.56,-0.112339199
0.564999756,-0.116295494
0.569999756,-0.119530387
0.574999756,-0.122697763
0.58,-0.126842514
0.584999756,-0.129924208
0.589999756,-0.132312804
0.594999756,-0.133193269
0.6,-0.134530246
0.604999756,-0.139829308
0.609999756,-0.142641023
0.614999756,-0.1457178
0.62,-0.148423538
0.624999756,-0.14975661
0.629999756,-0.150167957
0.634999756,-0.151098564
0.64,-0.149761543
0.644999756,-0.149952143
0.649999756,-0.150637135
0.654999756,-0.150425375
0.66,-0.149261191
0.664999756,-0.146520719
0.669999756,-0.144679427
0.674999756,-0.142626897
0.68,-0.139809057
0.684999756,-0.138239831
0.689999756,-0.135867208
0.694999756,-0.133382171
0.7,-0.129893646
0.704999756,-0.126090109
0.709999756,-0.121283345
0.714999756,-0.114365727
0.72,-0.104962297
0.724999756,-0.099182867
0.729999756,-0.091583103
0.734999756,-0.084306672
0.74,-0.078384086
0.744999756,-0.071760237
0.749999756,-0.066522077
0.754999756,-0.060834974
0.76,-0.057097588
0.764999756,-0.053621072
0.769999756,-0.049766045
0.774999756,-0.045034811
0.78,-0.042781714
0.784999756,-0.040471945
0.789999756,-0.039287478
0.794999756,-0.038293295
0.8,-0.03688781
0.804999756,-0.035738233
0.809999756,-0.035276648
0.814999756,-0.033192791
0.82,-0.031388726
0.824999756,-0.028387969
0.829999268,-0.025200253
0.834999268,-0.021862227
0.839999023,-0.018630223
0.844999023,-0.014936768
0.849999512,-0.008536753
0.854999512,-0.00460737
0.859999512,0.001202483
0.864999512,0.006509515
0.869999512,0.011809095
0.874999512,0.016132373
0.879999512,0.015562382
0.884999512,0.016724402
0.889999512,0.018673448
0.894999512,0.020937497
0.899999512,0.023525609
0.904999512,0.026117651
0.909999512,0.029208772
0.914999512,0.032050475
0.919999512,0.035485502
0.924999512,0.039044593
0.929999512,0.042641096
0.934999512,0.047282495
0.939999512,0.051337332
0.944999512,0.055807486
0.949999512,0.060089506
0.954999512,0.0655865
0.959999512,0.072351672
0.964999512,0.078762412
0.969999512,0.085804641
0.974999512,0.092217274
0.979999512,0.100152589
0.984999512,0.106566876
0.989999512,0.112380393
0.994999512,0.117862061
0.999999512,0.12446361
1.004999512,0.130408376
1.009999512,0.135027066
1.014999512,0.137969971
1.019999512,0.14114733
1.024999512,0.14460218
1.029999512,0.148200095
1.034999512,0.149550647
1.039999512,0.151303262
1.044999512,0.154460177
1.049999512,0.158649027
1.054999512,0.162109494
1.059999512,0.166544825
1.064999512,0.16414462
1.069999512,0.166847929
1.074999512,0.168020159
1.079999512,0.172787771
1.084999512,0.169960484
1.089999512,0.169132933
1.094999512,0.166049197
1.099999512,0.167999119
1.104999512,0.165161595
1.109999512,0.163167819
1.114999512,0.163428888
1.119999512,0.164745837
1.124999512,0.163374513
1.129999512,0.162214577
1.134999512,0.16215454
1.139999512,0.161627844
1.144999512,0.163197935
1.149999512,0.163072765
1.154999512,0.163971305
1.159999512,0.162089542
1.164999512,0.160852954
1.169999512,0.1590572
1.174999512,0.157344431
1.179999512,0.156527773
1.184999512,0.154235587
1.189999512,0.15340364
1.194999512,0.151726916
1.199999512,0.150551081
1.204999512,0.150089204
1.209999512,0.146324158
1.214999512,0.144017473
1.219999512,0.140329912
1.224999512,0.136443883
1.229999512,0.131096378
1.234999512,0.125109896
1.239999512,0.120864376
1.244999512,0.115434214
1.249999512,0.108660452
1.254999512,0.102399692
1.259999512,0.096166775
1.264999512,0.090725318
1.269999512,0.084764853
1.274999512,0.079284884
1.279999512,0.073073961
1.284999512,0.070427045
1.289999512,0.064473324
1.294999512,0.058954518
1.299999512,0.05402568
1.304999512,0.047104355
1.309999512,0.041679036
1.314999512,0.033400767
1.319999512,0.026366623
1.324999512,0.020405689
1.329999512,0.014448355
1.334999512,0.0095464
1.339999512,0.003888402
1.344999512,-0.001314475
1.349999512,-0.005051768
1.354999512,-0.005546595
1.359999512,-0.006481897
1.364999512,-0.008056916
1.369999512,-0.010216802
1.374999512,-0.013298436
1.379999512,-0.017403474
1.384999512,-0.022736963
1.389999512,-0.028809274
1.394999512,-0.034176584
1.399999512,-0.040180504
1.404999512,-0.045887813
1.409999512,-0.051125914
1.414999512,-0.055742983
1.419999512,-0.059367046
1.424999512,-0.063806795
1.429999512,-0.066766702
1.434999512,-0.070402689
1.439999512,-0.073160782
1.444999512,-0.076017156
1.449999512,-0.079438701
1.454999512,-0.081650287
1.459999512,-0.084752917
1.464999512,-0.088184454
1.469999512,-0.090955809
1.474999512,-0.092155114
1.479999512,-0.095158115
1.484999512,-0.097905703
1.489999512,-0.100539014
1.494999512,-0.103651971
1.499999512,-0.10577824
1.504999512,-0.109025858
1.509999512,-0.111480288
1.514999512,-0.114179663
1.519999512,-0.116797626
1.524999512,-0.119234085
1.529999512,-0.121694289
1.534999512,-0.124842383
1.539999512,-0.129365593
1.544999512,-0.132229507
1.549999512,-0.135626152
1.554999512,-0.139534205
1.559999512,-0.141311392
1.564999512,-0.143992424
1.569999512,-0.147323057
1.574999512,-0.149413586
1.579999512,-0.155528024
1.584999512,-0.156178102
1.589999512,-0.157554314
1.594999512,-0.160968915
1.599999512,-0.163720086
1.604999512,-0.166900009
1.609999512,-0.17052266
1.614999512,-0.172023013
1.619999512,-0.17299448
1.624999512,-0.173981369
1.629999512,-0.174118862
1.634999512,-0.173364699
1.639999512,-0.172801271
1.644999512,-0.169138834
1.649999512,-0.16822426
1.654999512,-0.164824039
1.659999512,-0.162792608
1.664999512,-0.158746541
1.669999512,-0.156562284
1.674999512,-0.154976264
1.679999512,-0.153869152
1.684999512,-0.151756912
1.689999512,-0.149431854
1.694999512,-0.146732166
1.699999512,-0.144722283
1.704999512,-0.13990581
1.709999512,-0.136721954
1.714999512,-0.130539656
1.719999512,-0.125794053
1.724999512,-0.119872592
1.729999512,-0.115617909
1.734999512,-0.110360906
1.739999512,-0.105588578
1.744999512,-0.101470776
1.749999512,-0.098883167
1.754999512,-0.096657
1.759999512,-0.094125964
1.764999512,-0.089544356
1.769999512,-0.08689297
1.774999512,-0.084561914
1.779999512,-0.082306892
1.784999512,-0.078709759
1.789999512,-0.076834969
1.794999512,-0.07281445
1.799999512,-0.069754459
1.804999512,-0.06398946
1.809999512,-0.059634838
1.814999512,-0.05503368
1.819999512,-0.04894514
1.824999512,-0.044926304
1.829999512,-0.039444242
1.834999512,-0.035532556
1.839999512,-0.031070592
1.844999512,-0.027100446
1.849999512,-0.023279391
1.854999512,-0.019717699
1.859999512,-0.015115534
1.864999512,-0.012373462
1.869999512,-0.012511116
1.874999512,-0.012798801
1.879999512,-0.011982149
1.884999512,-0.011197469
1.889999512,-0.009173388
1.894999512,-0.006406144
1.899999512,-0.003168435
1.904999512,0.000622016
1.909999512,0.00398002
1.914999512,0.007790171
1.919999512,0.012201464
1.924999512,0.016695397
1.929999512,0.021154905
1.934999512,0.025655318
1.939999512,0.030368293
1.944999512,0.036431406
1.949999512,0.041452266
1.954999512,0.046950374
1.959999512,0.053053532
1.964999512,0.060449827
1.969999512,0.06770581
1.974999512,0.074156068
1.979999512,0.082578145
1.984999512,0.088891245
1.989999512,0.095124803
1.994999512,0.101016395
1.999999512,0.107558116
2.004999512,0.113089502
2.009999512,0.116864651
2.014999512,0.120431751
2.019999512,0.124827772
2.024999512,0.128258586
2.029999512,0.130181044
2.034999512,0.133992374
2.039999512,0.135861233
2.044999512,0.139077947
2.049999512,0.142150864
2.054999512,0.144803718
2.059999512,0.147145376
2.064999512,0.149402753
2.069999512,0.152708903
2.074999512,0.153612703
2.079999512,0.15075776
2.084999512,0.14907454
2.089999512,0.148487896
2.094999512,0.147151545
2.099999512,0.146311522
2.104999512,0.149447739
2.109999512,0.148382753
2.114999512,0.147944257
2.119999512,0.148277938
2.124999512,0.147358567
2.129999512,0.151449978
2.134999512,0.150994807
2.139999512,0.152651608
2.144999512,0.151104391
2.149999512,0.150303975
2.154999512,0.148630023
2.159999512,0.146041423
2.164999512,0.145415202
2.169999512,0.144165918
2.174999512,0.141847104
2.179999512,0.14056477
2.184999512,0.140125617
2.189999512,0.139779851
2.194999512,0.136903018
2.199999512,0.134740934
2.204999512,0.131344587
2.209999512,0.128018007
2.214999512,0.124467283
2.219999512,0.120060287
2.224999512,0.116329588
2.229999512,0.111668497
2.234999512,0.10611514
2.239999512,0.10090743
2.244999512,0.095289268
2.249999512,0.090099074
2.254999512,0.084180392
2.259999512,0.082276642
2.264999512,0.0781454
2.269999512,0.074851558
2.274999512,0.07175608
2.279999512,0.066873245
2.284999512,0.063528962
2.289999512,0.059819251
2.294999512,0.055058282
2.299999512,0.050431076
2.304999512,0.044740334
2.309999512,0.041033681
2.314999512,0.034725513
2.319999512,0.029964292
2.324999512,0.024535416
2.329999512,0.019111145
2.334999512,0.013228492
2.339999512,0.008179545
2.344999512,-0.001799135
