time,x,x
1.78869E+18,-0.1199368,0
1.78869E+18,-0.121457741,-0.001520941
1.78869E+18,-0.120928541,-0.000991741
1.78869E+18,-0.119944625,-7.8246E-06
1.78869E+18,-0.119555503,0.000381297
1.78869E+18,-0.119189523,0.000747277
1.78869E+18,-0.118186086,0.001750714
1.78869E+18,-0.117357679,0.002579121
1.78869E+18,-0.11680565,0.00313115
1.78869E+18,-0.11630407,0.00363273
1.78869E+18,-0.11622484,0.00371196
1.78869E+18,-0.115947857,0.003988943
1.78869E+18,-0.115988754,0.003948046
1.78869E+18,-0.116437227,0.003499573
1.78869E+18,-0.116526365,0.003410435
1.78869E+18,-0.116678245,0.003258555
1.78869E+18,-0.1167484,0.0031884
1.78869E+18,-0.116774999,0.003161801
1.78869E+18,-0.116944671,0.002992129
1.78869E+18,-0.116952337,0.002984463
1.78869E+18,-0.116873786,0.003063014
1.78869E+18,-0.117070451,0.002866349
1.78869E+18,-0.117198758,0.002738042
1.78869E+18,-0.117464438,0.002472362
1.78869E+18,-0.117497593,0.002439207
1.78869E+18,-0.117483906,0.002452894
1.78869E+18,-0.117494993,0.002441807
1.78869E+18,-0.117591999,0.002344801
1.78869E+18,-0.117764704,0.002172096
1.78869E+18,-0.117925666,0.002011134
1.78869E+18,-0.117872052,0.002064748
1.78869E+18,-0.117851593,0.002085207
1.78869E+18,-0.117761254,0.002175546
1.78869E+18,-0.117813274,0.002123526
1.78869E+18,-0.117846899,0.002089901
1.78869E+18,-0.117860593,0.002076207
1.78869E+18,-0.117842145,0.002094655
1.78869E+18,-0.117991202,0.001945598
1.78869E+18,-0.118141346,0.001795454
1.78869E+18,-0.118212193,0.001724607
1.78869E+18,-0.118231855,0.001704945
1.78869E+18,-0.118187316,0.001749484
1.78869E+18,-0.118274294,0.001662506
1.78869E+18,-0.118090808,0.001845992
1.78869E+18,-0.118206799,0.001730001
1.78869E+18,-0.118147984,0.001788816
1.78869E+18,-0.118142426,0.001794374
1.78869E+18,-0.11807967,0.00185713
1.78869E+18,-0.117969468,0.001967332
1.78869E+18,-0.117793173,0.002143627
1.78869E+18,-0.117750853,0.002185947
1.78869E+18,-0.11768768,0.00224912
1.78869E+18,-0.117535293,0.002401507
1.78869E+18,-0.117414504,0.002522296
1.78869E+18,-0.117322184,0.002614616
1.78869E+18,-0.117167801,0.002768999
1.78869E+18,-0.117132522,0.002804278
1.78869E+18,-0.117160372,0.002776428
1.78869E+18,-0.117293596,0.002643204
1.78869E+18,-0.117363505,0.002573295
1.78869E+18,-0.117352948,0.002583852
1.78869E+18,-0.117462166,0.002474634
1.78869E+18,-0.117496051,0.002440749
1.78869E+18,-0.11742048,0.00251632
1.78869E+18,-0.117415935,0.002520865
1.78869E+18,-0.117437743,0.002499057
1.78869E+18,-0.117340878,0.002595922
1.78869E+18,-0.117312737,0.002624063
1.78869E+18,-0.117412187,0.002524613
1.78869E+18,-0.117316112,0.002620688
1.78869E+18,-0.117219418,0.002717382
1.78869E+18,-0.11717134,0.00276546
1.78869E+18,-0.117141284,0.002795516
1.78869E+18,-0.117228456,0.002708344
1.78869E+18,-0.117317282,0.002619518
1.78869E+18,-0.11731115,0.00262565
1.78869E+18,-0.117307238,0.002629562
1.78869E+18,-0.117283463,0.002653337
1.78869E+18,-0.117250659,0.002686141
1.78869E+18,-0.117236346,0.002700454
1.78869E+18,-0.117168792,0.002768008
1.78869E+18,-0.117163606,0.002773194
1.78869E+18,-0.117199346,0.002737454
1.78869E+18,-0.117222317,0.002714483
1.78869E+18,-0.117198072,0.002738728
1.78869E+18,-0.117153347,0.002783453
1.78869E+18,-0.117291801,0.002644999
1.78869E+18,-0.117261238,0.002675562
1.78869E+18,-0.117145583,0.002791217
1.78869E+18,-0.11708048,0.00285632
1.78869E+18,-0.117141135,0.002795665
1.78869E+18,-0.117150031,0.002786769
1.78869E+18,-0.117100842,0.002835958
1.78869E+18,-0.117139161,0.002797639
1.78869E+18,-0.117167071,0.002769729
1.78869E+18,-0.117208622,0.002728178
1.78869E+18,-0.11723005,0.00270675
1.78869E+18,-0.117187612,0.002749188
1.78869E+18,-0.117135912,0.002800888
1.78869E+18,-0.117221288,0.002715512
1.78869E+18,-0.117305472,0.002631328
1.78869E+18,-0.117328756,0.002608044
1.78869E+18,-0.117385596,0.002551204
1.78869E+18,-0.117374472,0.002562328
1.78869E+18,-0.117354915,0.002581885
1.78869E+18,-0.117311776,0.002625024
1.78869E+18,-0.117319874,0.002616926
1.78869E+18,-0.117279127,0.002657673
1.78869E+18,-0.117308006,0.002628794
1.78869E+18,-0.117282942,0.002653858
1.78869E+18,-0.1172987,0.0026381
1.78869E+18,-0.117283568,0.002653232
1.78869E+18,-0.117331542,0.002605258
1.78869E+18,-0.117354825,0.002581975
1.78869E+18,-0.117406584,0.002530216
1.78869E+18,-0.117484398,0.002452402
1.78869E+18,-0.117466658,0.002470142
1.78869E+18,-0.117449112,0.002487688
1.78869E+18,-0.117483094,0.002453706
1.78869E+18,-0.117502518,0.002434282
1.78869E+18,-0.11754325,0.00239355
1.78869E+18,-0.117642075,0.002294725
1.78869E+18,-0.117722005,0.002214795
1.78869E+18,-0.117753752,0.002183048
1.78869E+18,-0.117734462,0.002202338
1.78869E+18,-0.117779501,0.002157299
1.78869E+18,-0.117826097,0.002110703
1.78869E+18,-0.117796287,0.002140513
1.78869E+18,-0.117862746,0.002074054
1.78869E+18,-0.117879316,0.002057484
1.78869E+18,-0.117866009,0.002070791
1.78869E+18,-0.117828406,0.002108394
1.78869E+18,-0.117796481,0.002140319
1.78869E+18,-0.117687933,0.002248867
1.78869E+18,-0.117680691,0.002256109
1.78869E+18,-0.117715962,0.002220838
1.78869E+18,-0.117723331,0.002213469
1.78869E+18,-0.117729634,0.002207166
1.78869E+18,-0.117726818,0.002209982
1.78869E+18,-0.117736049,0.002200751
1.78869E+18,-0.117681369,0.002255431
1.78869E+18,-0.117749356,0.002187444
1.78869E+18,-0.117691748,0.002245052
1.78869E+18,-0.11763487,0.00230193
1.78869E+18,-0.117588803,0.002347997
1.78869E+18,-0.117551908,0.002384892
1.78869E+18,-0.117499903,0.002436897
1.78869E+18,-0.11749202,0.00244478
1.78869E+18,-0.117531411,0.002405389
1.78869E+18,-0.117536701,0.002400099
1.78869E+18,-0.117554881,0.002381919
1.78869E+18,-0.11754179,0.00239501
1.78869E+18,-0.117612265,0.002324535
1.78869E+18,-0.117681488,0.002255312
1.78869E+18,-0.117737152,0.002199648
1.78869E+18,-0.11765793,0.00227887
1.78869E+18,-0.117616601,0.002320199
1.78869E+18,-0.117604077,0.002332723
1.78869E+18,-0.117510296,0.002426504
1.78869E+18,-0.11744789,0.00248891
1.78869E+18,-0.117433779,0.002503021
1.78869E+18,-0.11742834,0.00250846
1.78869E+18,-0.117406219,0.002530581
1.78869E+18,-0.117455542,0.002481258
1.78869E+18,-0.117411666,0.002525134
1.78869E+18,-0.117390543,0.002546257
1.78869E+18,-0.117391959,0.002544841
1.78869E+18,-0.117470324,0.002466476
1.78869E+18,-0.117510162,0.002426638
1.78869E+18,-0.117528319,0.002408481
1.78869E+18,-0.117571346,0.002365454
1.78869E+18,-0.117511511,0.002425289
1.78869E+18,-0.117468551,0.002468249
1.78869E+18,-0.11747922,0.00245758
1.78869E+18,-0.117480762,0.002456038
1.78869E+18,-0.117529936,0.002406864
1.78869E+18,-0.117578037,0.002358763
1.78869E+18,-0.117563851,0.002372949
1.78869E+18,-0.117609687,0.002327113
1.78869E+18,-0.117715716,0.002221084
1.78869E+18,-0.117775559,0.002161241
1.78869E+18,-0.117835395,0.002101405
1.78869E+18,-0.117881753,0.002055047
1.78869E+18,-0.117910728,0.002026072
1.78869E+18,-0.117902488,0.002034312
1.78869E+18,-0.117928423,0.002008377
1.78869E+18,-0.117889374,0.002047426
1.78869E+18,-0.117915764,0.002021036
1.78869E+18,-0.117879085,0.002057715
1.78869E+18,-0.117910281,0.002026519
1.78869E+18,-0.117900111,0.002036689
1.78869E+18,-0.11796733,0.00196947
1.78869E+18,-0.117991164,0.001945636
1.78869E+18,-0.118065327,0.001871473
1.78869E+18,-0.118098132,0.001838668
1.78869E+18,-0.118045904,0.001890896
1.78869E+18,-0.118018299,0.001918501
1.78869E+18,-0.117946364,0.001990436
1.78869E+18,-0.11790479,0.00203201
1.78869E+18,-0.117919378,0.002017422
1.78869E+18,-0.117986687,0.001950113
1.78869E+18,-0.117932372,0.002004428
1.78869E+18,-0.117906563,0.002030237
1.78869E+18,-0.117840007,0.002096793
1.78869E+18,-0.117875151,0.002061649
1.78869E+18,-0.117909379,0.002027421
1.78869E+18,-0.117893524,0.002043276
1.78869E+18,-0.117870219,0.002066581
1.78869E+18,-0.117769554,0.002167246
1.78869E+18,-0.117793597,0.002143203
1.78869E+18,-0.117772616,0.002164184
1.78869E+18,-0.11772947,0.00220733
1.78869E+18,-0.117718622,0.002218178
1.78869E+18,-0.11779473,0.00214207
1.78869E+18,-0.117830969,0.002105831
1.78869E+18,-0.117820941,0.002115859
1.78869E+18,-0.11779052,0.00214628
1.78869E+18,-0.117767461,0.002169339
1.78869E+18,-0.117741726,0.002195074
1.78869E+18,-0.117763273,0.002173527
1.78869E+18,-0.117710352,0.002226448
1.78869E+18,-0.117711835,0.002224965
1.78869E+18,-0.117731616,0.002205184
1.78869E+18,-0.117767788,0.002169012
1.78869E+18,-0.11782939,0.00210741
1.78869E+18,-0.117815271,0.002121529
1.78869E+18,-0.11788062,0.00205618
1.78869E+18,-0.117914036,0.002022764
1.78869E+18,-0.117972739,0.001964061
1.78869E+18,-0.118009776,0.001927024
1.78869E+18,-0.118024401,0.001912399
1.78869E+18,-0.11806991,0.00186689
1.78869E+18,-0.118086316,0.001850484
1.78869E+18,-0.118044421,0.001892379
1.78869E+18,-0.118118659,0.001818141
1.78869E+18,-0.118209146,0.001727654
1.78869E+18,-0.118275687,0.001661113
1.78869E+18,-0.118353508,0.001583292
1.78869E+18,-0.118334495,0.001602305
1.78869E+18,-0.118406035,0.001530765
1.78869E+18,-0.118456811,0.001479989
1.78869E+18,-0.118465699,0.001471101
1.78869E+18,-0.118385069,0.001551731
1.78869E+18,-0.11839655,0.00154025
1.78869E+18,-0.118408024,0.001528776
1.78869E+18,-0.118516617,0.001420183
1.78869E+18,-0.118552975,0.001383825
1.78869E+18,-0.118572265,0.001364535
1.78869E+18,-0.118552566,0.001384234
1.78869E+18,-0.118511088,0.001425712
1.78869E+18,-0.118517682,0.001419118
1.78869E+18,-0.118466549,0.001470251
1.78869E+18,-0.118519813,0.001416987
1.78869E+18,-0.118461587,0.001475213
1.78869E+18,-0.118439391,0.001497409
1.78869E+18,-0.118442647,0.001494153
1.78869E+18,-0.118430778,0.001506022
1.78869E+18,-0.118362837,0.001573963
1.78869E+18,-0.118325554,0.001611246
1.78869E+18,-0.118265197,0.001671603
1.78869E+18,-0.118224688,0.001712112
1.78869E+18,-0.118178912,0.001757888
1.78869E+18,-0.118078701,0.001858099
1.78869E+18,-0.117907353,0.002029447
1.78869E+18,-0.117935605,0.002001195
1.78869E+18,-0.117899507,0.002037293
1.78869E+18,-0.117835194,0.002101606
1.78869E+18,-0.117795825,0.002140975
1.78869E+18,-0.117759302,0.002177498
1.78869E+18,-0.117707901,0.002228899
1.78869E+18,-0.117718741,0.002218059
1.78869E+18,-0.117657237,0.002279563
1.78869E+18,-0.117674038,0.002262762
1.78869E+18,-0.117650487,0.002286313
1.78869E+18,-0.117679335,0.002257465
1.78869E+18,-0.117707759,0.002229041
1.78869E+18,-0.117702141,0.002234659
1.78869E+18,-0.117573641,0.002363159
1.78869E+18,-0.117529213,0.002407587
1.78869E+18,-0.117598116,0.002338684
1.78869E+18,-0.11763113,0.00230567
1.78869E+18,-0.117617913,0.002318887
1.78869E+18,-0.117642269,0.002294531
1.78869E+18,-0.117687784,0.002249016
1.78869E+18,-0.117746979,0.002189821
1.78869E+18,-0.117760554,0.002176246
1.78869E+18,-0.117777251,0.002159549
1.78869E+18,-0.117770083,0.002166717
1.78869E+18,-0.117732756,0.002204044
1.78869E+18,-0.117808849,0.002127951
1.78869E+18,-0.117865629,0.002071171
1.78869E+18,-0.117921308,0.002015492
1.78869E+18,-0.117885739,0.002051061
1.78869E+18,-0.117918082,0.002018718
1.78869E+18,-0.118025653,0.001911147
1.78869E+18,-0.118049979,0.001886821
1.78869E+18,-0.118061572,0.001875228
1.78869E+18,-0.118095323,0.001841477
1.78869E+18,-0.118043154,0.001893646
1.78869E+18,-0.118104875,0.001831925
1.78869E+18,-0.118121222,0.001815578
1.78869E+18,-0.118156619,0.001780181
1.78869E+18,-0.118114665,0.001822135
1.78869E+18,-0.118026666,0.001910134
1.78869E+18,-0.117921934,0.002014866
1.78869E+18,-0.117821664,0.002115136
1.78869E+18,-0.117801942,0.002134858
1.78869E+18,-0.117708445,0.002228355
1.78869E+18,-0.117664844,0.002271956
1.78869E+18,-0.117601939,0.002334861
1.78869E+18,-0.11765115,0.00228565
1.78869E+18,-0.117669232,0.002267568
1.78869E+18,-0.117649682,0.002287118
1.78869E+18,-0.117643625,0.002293175
1.78869E+18,-0.117561541,0.002375259
1.78869E+18,-0.18939732,-0.06946052
1.78869E+18,-0.202586502,-0.082649702
1.78869E+18,-0.213853776,-0.093916976
1.78869E+18,-0.264370918,-0.144434118
1.78869E+18,-0.273114353,-0.153177553
1.78869E+18,-0.267534286,-0.147597486
1.78869E+18,-0.279070646,-0.159133846
1.78869E+18,-0.279837877,-0.159901077
1.78869E+18,-0.26047942,-0.14054262
1.78869E+18,-0.255956501,-0.136019701
1.78869E+18,-0.252255052,-0.132318252
1.78869E+18,-0.244254708,-0.124317908
1.78869E+18,-0.238612175,-0.118675375
1.78869E+18,-0.229582146,-0.109645346
1.78869E+18,-0.214621186,-0.094684386
1.78869E+18,-0.208255917,-0.088319117
1.78869E+18,-0.202328727,-0.082391927
1.78869E+18,-0.197518468,-0.077581668
1.78869E+18,-0.192271128,-0.072334328
1.78869E+18,-0.180678055,-0.060741255
1.78869E+18,-0.173675239,-0.053738439
1.78869E+18,-0.169154823,-0.049218023
1.78869E+18,-0.164451241,-0.044514441
1.78869E+18,-0.157133132,-0.037196332
1.78869E+18,-0.149640843,-0.029704043
1.78869E+18,-0.144558921,-0.024622121
1.78869E+18,-0.137689188,-0.017752388
1.78869E+18,-0.13219896,-0.01226216
1.78869E+18,-0.127492145,-0.007555345
1.78869E+18,-0.120738916,-0.000802116
1.78869E+18,-0.116257496,0.003679304
1.78869E+18,-0.111646742,0.008290058
1.78869E+18,-0.105858214,0.014078586
1.78869E+18,-0.10157074,0.01836606
1.78869E+18,-0.097043663,0.022893137
1.78869E+18,-0.097099856,0.022836944
1.78869E+18,-0.097428307,0.022508493
1.78869E+18,-0.097499743,0.022437057
1.78869E+18,-0.097518511,0.022418289
1.78869E+18,-0.097560331,0.022376469
1.78869E+18,-0.097610183,0.022326617
1.78869E+18,-0.097771563,0.022165237
1.78869E+18,-0.097901359,0.022035441
1.78869E+18,-0.097960487,0.021976313
1.78869E+18,-0.097996943,0.021939857
1.78869E+18,-0.09801735,0.02191945
1.78869E+18,-0.097955316,0.021981484
1.78869E+18,-0.097893596,0.022043204
1.78869E+18,-0.097850956,0.022085844
1.78869E+18,-0.097795412,0.022141388
1.78869E+18,-0.097728714,0.022208086
1.78869E+18,-0.097703323,0.022233477
1.78869E+18,-0.097715266,0.022221534
1.78869E+18,-0.097658351,0.022278449
1.78869E+18,-0.097671822,0.022264978
1.78869E+18,-0.097704127,0.022232673
1.78869E+18,-0.097763658,0.022173142
1.78869E+18,-0.097768769,0.022168031
1.78869E+18,-0.097806543,0.022130257
1.78869E+18,-0.09780363,0.02213317
1.78869E+18,-0.097789317,0.022147483
1.78869E+18,-0.097797386,0.022139414
1.78869E+18,-0.097794361,0.022142439
1.78869E+18,-0.097795486,0.022141314
1.78869E+18,-0.097882383,0.022054417
1.78869E+18,-0.097907983,0.022028817
1.78869E+18,-0.097933337,0.022003463
1.78869E+18,-0.097999036,0.021937764
1.78869E+18,-0.098033309,0.021903491
1.78869E+18,-0.098078765,0.021858035
1.78869E+18,-0.098115459,0.021821341
1.78869E+18,-0.098150611,0.021786189
1.78869E+18,-0.09820123,0.02173557
1.78869E+18,-0.098279171,0.021657629
1.78869E+18,-0.098355204,0.021581596
1.78869E+18,-0.098416276,0.021520524
1.78869E+18,-0.098475605,0.021461195
1.78869E+18,-0.098559931,0.021376869
1.78869E+18,-0.098614708,0.021322092
1.78869E+18,-0.098624595,0.021312205
1.78869E+18,-0.098639175,0.021297625
1.78869E+18,-0.098677807,0.021258993
1.78869E+18,-0.098689787,0.021247013
1.78869E+18,-0.098719358,0.021217442
1.78869E+18,-0.098762751,0.021174049
1.78869E+18,-0.098765261,0.021171539
1.78869E+18,-0.098826751,0.021110049
1.78869E+18,-0.098877437,0.021059363
1.78869E+18,-0.098922752,0.021014048
1.78869E+18,-0.098963127,0.020973673
1.78869E+18,-0.098954126,0.020982674
1.78869E+18,-0.098974757,0.020962043
1.78869E+18,-0.098971717,0.020965083
1.78869E+18,-0.098928243,0.021008557
1.78869E+18,-0.09890718,0.02102962
1.78869E+18,-0.098936856,0.020999944
1.78869E+18,-0.098922282,0.021014518
1.78869E+18,-0.098938704,0.020998096
1.78869E+18,-0.098934457,0.021002343
1.78869E+18,-0.098991871,0.020944929
1.78869E+18,-0.09898378,0.02095302
1.78869E+18,-0.099004902,0.020931898
1.78869E+18,-0.098987833,0.020948967
1.78869E+18,-0.098969765,0.020967035
1.78869E+18,-0.099014744,0.020922056
1.78869E+18,-0.099054486,0.020882314
1.78869E+18,-0.099088304,0.020848496
1.78869E+18,-0.099118605,0.020818195
1.78869E+18,-0.099089719,0.020847081
1.78869E+18,-0.099060714,0.020876086
1.78869E+18,-0.099045381,0.020891419
1.78869E+18,-0.099045426,0.020891374
1.78869E+18,-0.099099442,0.020837358
1.78869E+18,-0.099118009,0.020818791
1.78869E+18,-0.099155448,0.020781352
1.78869E+18,-0.099164903,0.020771897
1.78869E+18,-0.099135607,0.020801193
1.78869E+18,-0.099148162,0.020788638
1.78869E+18,-0.099187501,0.020749299
1.78869E+18,-0.099221505,0.020715295
1.78869E+18,-0.099282853,0.020653947
1.78869E+18,-0.099418283,0.020518517
1.78869E+18,-0.099569462,0.020367338
1.78869E+18,-0.099731095,0.020205705
1.78869E+18,-0.099886015,0.020050785
1.78869E+18,-0.100013509,0.019923291
1.78869E+18,-0.10012009,0.01981671
1.78869E+18,-0.10027805,0.01965875
1.78869E+18,-0.100479849,0.019456951
1.78869E+18,-0.100648664,0.019288136
1.78869E+18,-0.100704461,0.019232339
1.78869E+18,-0.100796431,0.019140369
1.78869E+18,-0.100802459,0.019134341
1.78869E+18,-0.100870728,0.019066072
1.78869E+18,-0.100929759,0.019007041
1.78869E+18,-0.100944065,0.018992735
1.78869E+18,-0.100975171,0.018961629
1.78869E+18,-0.100987993,0.018948807
1.78869E+18,-0.101048887,0.018887913
1.78869E+18,-0.10118556,0.01875124
1.78869E+18,-0.101303063,0.018633737
1.78869E+18,-0.101350538,0.018586262
1.78869E+18,-0.101443022,0.018493778
1.78869E+18,-0.10153608,0.01840072
1.78869E+18,-0.101566561,0.018370239
1.78869E+18,-0.101530917,0.018405883
1.78869E+18,-0.101561636,0.018375164
1.78869E+18,-0.101543389,0.018393411
1.78869E+18,-0.101522185,0.018414615
1.78869E+18,-0.10148596,0.01845084
1.78869E+18,-0.101566769,0.018370031
1.78869E+18,-0.101602137,0.018334663
1.78869E+18,-0.10165368,0.01828312
1.78869E+18,-0.101724252,0.018212548
1.78869E+18,-0.101805277,0.018131523
1.78869E+18,-0.101889931,0.018046869
1.78869E+18,-0.101959713,0.017977087
1.78869E+18,-0.102029778,0.017907022
1.78869E+18,-0.102083027,0.017853773
1.78869E+18,-0.102111459,0.017825341
1.78869E+18,-0.102167457,0.017769343
1.78869E+18,-0.102330573,0.017606227
1.78869E+18,-0.102365606,0.017571194
1.78869E+18,-0.102409706,0.017527094
1.78869E+18,-0.102515757,0.017421043
1.78869E+18,-0.102598071,0.017338729
1.78869E+18,-0.102718703,0.017218097
1.78869E+18,-0.102882743,0.017054057
1.78869E+18,-0.10296008,0.01697672
1.78869E+18,-0.103111535,0.016825265
1.78869E+18,-0.103260152,0.016676648
1.78869E+18,-0.103416219,0.016520581
1.78869E+18,-0.103470676,0.016466124
1.78869E+18,-0.103545018,0.016391782
1.78869E+18,-0.103561565,0.016375235
1.78869E+18,-0.103586152,0.016350648
1.78869E+18,-0.103660524,0.016276276
1.78869E+18,-0.103735253,0.016201547
1.78869E+18,-0.103809357,0.016127443
1.78869E+18,-0.103857473,0.016079327
1.78869E+18,-0.103950165,0.015986635
1.78869E+18,-0.104009248,0.015927552
1.78869E+18,-0.104050264,0.015886536
1.78869E+18,-0.104162894,0.015773906
1.78869E+18,-0.104259551,0.015677249
1.78869E+18,-0.104302712,0.015634088
1.78869E+18,-0.104233198,0.015703602
1.78869E+18,-0.104243949,0.015692851
1.78869E+18,-0.104269758,0.015667042
1.78869E+18,-0.104360916,0.015575884
1.78869E+18,-0.104403816,0.015532984
1.78869E+18,-0.104497507,0.015439293
1.78869E+18,-0.10460826,0.01532854
1.78869E+18,-0.104626387,0.015310413
1.78869E+18,-0.104741722,0.015195078
1.78869E+18,-0.104831032,0.015105768
1.78869E+18,-0.104783647,0.015153153
1.78869E+18,-0.104893886,0.015042914
1.78869E+18,-0.104871519,0.015065281
1.78869E+18,-0.104850411,0.015086389
1.78869E+18,-0.104734965,0.015201835
1.78869E+18,-0.104723968,0.015212832
1.78869E+18,-0.104718678,0.015218122
1.78869E+18,-0.104723684,0.015213116
1.78869E+18,-0.104763359,0.015173441
1.78869E+18,-0.104739621,0.015197179
1.78869E+18,-0.104794495,0.015142305
1.78869E+18,-0.104763232,0.015173568
1.78869E+18,-0.104869485,0.015067315
1.78869E+18,-0.105111763,0.014825037
1.78869E+18,-0.105118699,0.014818101
1.78869E+18,-0.105213873,0.014722927
1.78869E+18,-0.105216853,0.014719947
1.78869E+18,-0.105241701,0.014695099
1.78869E+18,-0.105266601,0.014670199
1.78869E+18,-0.105338573,0.014598227
1.78869E+18,-0.105403602,0.014533198
1.78869E+18,-0.105361156,0.014575644
1.78869E+18,-0.105325341,0.014611459
1.78869E+18,-0.10540203,0.01453477
1.78869E+18,-0.105458118,0.014478682
1.78869E+18,-0.105522387,0.014414413
1.78869E+18,-0.105577417,0.014359383
1.78869E+18,-0.105591267,0.014345533
1.78869E+18,-0.105649807,0.014286993
1.78869E+18,-0.105690122,0.014246678
1.78869E+18,-0.105685361,0.014251439
1.78869E+18,-0.105591945,0.014344855
1.78869E+18,-0.105553903,0.014382897
1.78869E+18,-0.105639309,0.014297491
1.78869E+18,-0.105668642,0.014268158
1.78869E+18,-0.105781898,0.014154902
1.78869E+18,-0.105835654,0.014101146
1.78869E+18,-0.105887726,0.014049074
1.78869E+18,-0.105920419,0.014016381
1.78869E+18,-0.105955862,0.013980938
1.78869E+18,-0.105925635,0.014011165
1.78869E+18,-0.105901316,0.014035484
1.78869E+18,-0.105917536,0.014019264
1.78869E+18,-0.105937548,0.013999252
1.78869E+18,-0.105946675,0.013990125
1.78869E+18,-0.105823748,0.014113052
1.78869E+18,-0.105862059,0.014074741
1.78869E+18,-0.105923168,0.014013632
1.78869E+18,-0.105957597,0.013979203
1.78869E+18,-0.105978057,0.013958743
1.78869E+18,-0.106066942,0.013869858
1.78869E+18,-0.106064618,0.013872182
1.78869E+18,-0.106054321,0.013882479
1.78869E+18,-0.106022507,0.013914293
1.78869E+18,-0.105999291,0.013937509
1.78869E+18,-0.105954625,0.013982175
1.78869E+18,-0.105969153,0.013967647
1.78869E+18,-0.105963111,0.013973689
1.78869E+18,-0.10589008,0.01404672
1.78869E+18,-0.10590402,0.01403278
1.78869E+18,-0.105903089,0.014033711
1.78869E+18,-0.105882242,0.014054558
1.78869E+18,-0.105910696,0.014026104
1.78869E+18,-0.106006339,0.013930461
1.78869E+18,-0.106033854,0.013902946
1.78869E+18,-0.106142737,0.013794063
1.78869E+18,-0.106182903,0.013753897
1.78869E+18,-0.106224731,0.013712069
1.78869E+18,-0.106262498,0.013674302
1.78869E+18,-0.106380843,0.013555957
1.78869E+18,-0.106410481,0.013526319
1.78869E+18,-0.106439069,0.013497731
1.78869E+18,-0.106530383,0.013406417
1.78869E+18,-0.106621623,0.013315177
1.78869E+18,-0.106657714,0.013279086
1.78869E+18,-0.106692836,0.013243964
1.78869E+18,-0.106764182,0.013172618
1.78869E+18,-0.106772266,0.013164534
1.78869E+18,-0.106860079,0.013076721
1.78869E+18,-0.106903449,0.013033351
1.78869E+18,-0.106931105,0.013005695
1.78869E+18,-0.10707432,0.01286248
1.78869E+18,-0.10711921,0.01281759
1.78869E+18,-0.107125923,0.012810877
1.78869E+18,-0.107114032,0.012822768
1.78869E+18,-0.107100576,0.012836224
1.78869E+18,-0.107167967,0.012768833
1.78869E+18,-0.107159458,0.012777342
1.78869E+18,-0.107199378,0.012737422
1.78869E+18,-0.107245736,0.012691064
1.78869E+18,-0.107220262,0.012716538
1.78869E+18,-0.107203029,0.012733771
1.78869E+18,-0.107149094,0.012787706
1.78869E+18,-0.107166633,0.012770167
1.78869E+18,-0.10721115,0.01272565
1.78869E+18,-0.107256562,0.012680238
1.78869E+18,-0.107270263,0.012666537
1.78869E+18,-0.10733673,0.01260007
1.78869E+18,-0.107379533,0.012557267
1.78869E+18,-0.107417293,0.012519507
1.78869E+18,-0.107460372,0.012476428
1.78869E+18,-0.107484564,0.012452236
1.78869E+18,-0.107481658,0.012455142
1.78869E+18,-0.107484274,0.012452526
1.78869E+18,-0.107529111,0.012407689
1.78869E+18,-0.107618548,0.012318252
1.78869E+18,-0.107600465,0.012336335
1.78869E+18,-0.107594743,0.012342057
1.78869E+18,-0.107602417,0.012334383
1.78869E+18,-0.107564479,0.012372321
1.78869E+18,-0.1076217,0.0123151
1.78869E+18,-0.107671343,0.012265457
1.78869E+18,-0.107752681,0.012184119
1.78869E+18,-0.107810065,0.012126735
1.78869E+18,-0.107830524,0.012106276
1.78869E+18,-0.107949369,0.011987431
1.78869E+18,-0.108015366,0.011921434
1.78869E+18,-0.107964762,0.011972038
1.78869E+18,-0.107904263,0.012032537
1.78869E+18,-0.107879683,0.012057117
1.78869E+18,-0.107843049,0.012093751
1.78869E+18,-0.107882798,0.012054002
1.78869E+18,-0.107852049,0.012084751
1.78869E+18,-0.107941575,0.011995225
1.78869E+18,-0.108014345,0.011922455
1.78869E+18,-0.108225584,0.011711216
1.78869E+18,-0.108352557,0.011584243
1.78869E+18,-0.108412951,0.011523849
1.78869E+18,-0.108470559,0.011466241
1.78869E+18,-0.108495206,0.011441594
1.78869E+18,-0.108419158,0.011517642
1.78869E+18,-0.108477287,0.011459513
1.78869E+18,-0.108581439,0.011355361
1.78869E+18,-0.108682334,0.011254466
1.78869E+18,-0.108778834,0.011157966
1.78869E+18,-0.108829364,0.011107436
1.78869E+18,-0.108815596,0.011121204
1.78869E+18,-0.108800098,0.011136702
1.78869E+18,-0.108802706,0.011134094
1.78869E+18,-0.108759977,0.011176823
1.78869E+18,-0.108801916,0.011134884
1.78869E+18,-0.108814716,0.011122084
1.78869E+18,-0.108730942,0.011205858
1.78869E+18,-0.108582877,0.011353923
1.78869E+18,-0.108549014,0.011387786
1.78869E+18,-0.108497195,0.011439605
1.78869E+18,-0.108428806,0.011507994
1.78869E+18,-0.108451076,0.011485724
1.78869E+18,-0.108286783,0.011650017
1.78869E+18,-0.108166426,0.011770374
1.78869E+18,-0.108081996,0.011854804
1.78869E+18,-0.108068943,0.011867857
1.78869E+18,-0.10800793,0.01192887
1.78869E+18,-0.10798905,0.01194775
1.78869E+18,-0.108000189,0.011936611
1.78869E+18,-0.107736371,0.012200429
1.78869E+18,-0.106749281,0.013187519
1.78869E+18,-0.106352158,0.013584642
1.78869E+18,-0.106361911,0.013574889
1.78869E+18,-0.106227413,0.013709387
1.78869E+18,-0.105972067,0.013964733
1.78869E+18,-0.105810441,0.014126359
1.78869E+18,-0.105756961,0.014179839
1.78869E+18,-0.105649717,0.014287083
1.78869E+18,-0.105651997,0.014284803
1.78869E+18,-0.105039723,0.014897077
1.78869E+18,-0.101978421,0.017958379
1.78869E+18,-0.098977275,0.020959525
1.78869E+18,-0.094413437,0.025523363
1.78869E+18,-0.086971894,0.032964906
1.78869E+18,-0.079156213,0.040780587
1.78869E+18,-0.070286639,0.049650161
1.78869E+18,-0.06205596,0.05788084
1.78869E+18,-0.049874619,0.070062181
1.78869E+18,-0.042209547,0.077727253
1.78869E+18,-0.031238472,0.088698328
1.78869E+18,-0.022911357,0.097025443
1.78869E+18,-0.01220352,0.10773328
1.78869E+18,-0.00160326,0.11833354
1.78869E+18,0.006681899,0.126618699
1.78869E+18,0.017433597,0.137370397
1.78869E+18,0.025737859,0.145674659
1.78869E+18,0.033526167,0.153462967
1.78869E+18,0.039568629,0.159505429
1.78869E+18,0.04593515,0.16587195
1.78869E+18,0.051035807,0.170972607
1.78869E+18,0.057324283,0.177261083
1.78869E+18,0.06379725,0.18373405
1.78869E+18,0.071324401,0.191261201
1.78869E+18,0.078710251,0.198647051
1.78869E+18,0.085572757,0.205509557
1.78869E+18,0.092379965,0.212316765
1.78869E+18,0.076987535,0.196924335
1.78869E+18,0.061702527,0.181639327
1.78869E+18,0.066897772,0.186834572
1.78869E+18,0.071411543,0.191348343
1.78869E+18,0.075150944,0.195087744
1.78869E+18,0.067296088,0.187232888
1.78869E+18,0.058106009,0.178042809
1.78869E+18,0.059348602,0.179285402
1.78869E+18,0.05615522,0.17609202
1.78869E+18,0.0483528,0.1682896
1.78869E+18,0.040610109,0.160546909
1.78869E+18,0.031045033,0.150981833
1.78869E+18,0.025786821,0.145723621
1.78869E+18,0.016333153,0.136269953
1.78869E+18,0.004355345,0.124292145
1.78869E+18,-0.00552746,0.11440934
1.78869E+18,-0.014655706,0.105281094
1.78869E+18,-0.023818169,0.096118631
1.78869E+18,-0.036588557,0.083348243
1.78869E+18,-0.045818958,0.074117842
1.78869E+18,-0.054120589,0.065816211
1.78869E+18,-0.064777441,0.055159359
1.78869E+18,-0.077194236,0.042742564
1.78869E+18,-0.087314412,0.032622388
1.78869E+18,-0.098251395,0.021685405
1.78869E+18,-0.10992039,0.01001641
1.78869E+18,-0.120943151,-0.001006351
1.78869E+18,-0.132323697,-0.012386897
1.78869E+18,-0.133964837,-0.014028037
1.78869E+18,-0.135466963,-0.015530163
1.78869E+18,-0.136889249,-0.016952449
1.78869E+18,-0.137937889,-0.018001089
1.78869E+18,-0.138114125,-0.018177325
1.78869E+18,-0.137857929,-0.017921129
1.78869E+18,-0.137675777,-0.017738977
1.78869E+18,-0.137465447,-0.017528647
1.78869E+18,-0.137386113,-0.017449313
1.78869E+18,-0.137223274,-0.017286474
1.78869E+18,-0.137169719,-0.017232919
1.78869E+18,-0.137149706,-0.017212906
1.78869E+18,-0.136845395,-0.016908595
1.78869E+18,-0.136558339,-0.016621539
1.78869E+18,-0.136563912,-0.016627112
1.78869E+18,-0.136416137,-0.016479337
1.78869E+18,-0.136324599,-0.016387799
1.78869E+18,-0.136256129,-0.016319329
1.78869E+18,-0.136287466,-0.016350666
1.78869E+18,-0.136247814,-0.016311014
1.78869E+18,-0.136197045,-0.016260245
1.78869E+18,-0.136146292,-0.016209492
1.78869E+18,-0.136090383,-0.016153583
1.78869E+18,-0.136004135,-0.016067335
1.78869E+18,-0.135939464,-0.016002664
1.78869E+18,-0.135939315,-0.016002515
1.78869E+18,-0.135878101,-0.015941301
1.78869E+18,-0.13583751,-0.01590071
1.78869E+18,-0.13584356,-0.01590676
1.78869E+18,-0.135812268,-0.015875468
1.78869E+18,-0.135748446,-0.015811646
1.78869E+18,-0.135745585,-0.015808785
1.78869E+18,-0.135694414,-0.015757614
1.78869E+18,-0.135704845,-0.015768045
1.78869E+18,-0.135688603,-0.015751803
1.78869E+18,-0.135641009,-0.015704209
1.78869E+18,-0.135639668,-0.015702868
1.78869E+18,-0.135596916,-0.015660116
1.78869E+18,-0.135615081,-0.015678281
1.78869E+18,-0.135574251,-0.015637451
1.78869E+18,-0.135590583,-0.015653783
1.78869E+18,-0.135602325,-0.015665525
1.78869E+18,-0.135571644,-0.015634844
1.78869E+18,-0.135575384,-0.015638584
1.78869E+18,-0.13559486,-0.01565806
1.78869E+18,-0.135546237,-0.015609437
1.78869E+18,-0.135520682,-0.015583882
1.78869E+18,-0.135536641,-0.015599841
1.78869E+18,-0.13554512,-0.01560832
1.78869E+18,-0.135555029,-0.015618229
1.78869E+18,-0.135561392,-0.015624592
1.78869E+18,-0.13555637,-0.01561957
1.78869E+18,-0.135398388,-0.015461588
1.78869E+18,-0.135260776,-0.015323976
1.78869E+18,-0.135152325,-0.015215525
1.78869E+18,-0.134991482,-0.015054682
1.78869E+18,-0.134870738,-0.014933938
1.78869E+18,-0.13467589,-0.01473909
1.78869E+18,-0.13448447,-0.01454767
1.78869E+18,-0.13432318,-0.01438638
1.78869E+18,-0.134183154,-0.014246354
1.78869E+18,-0.133969948,-0.014033148
1.78869E+18,-0.133860871,-0.013924071
1.78869E+18,-0.133842409,-0.013905609
1.78869E+18,-0.133819818,-0.013883018
1.78869E+18,-0.13372305,-0.01378625
1.78869E+18,-0.133550301,-0.013613501
1.78869E+18,-0.133405477,-0.013468677
1.78869E+18,-0.133272275,-0.013335475
1.78869E+18,-0.133139819,-0.013203019
1.78869E+18,-0.13290754,-0.01297074
1.78869E+18,-0.132791758,-0.012854958
1.78869E+18,-0.132680893,-0.012744093
1.78869E+18,-0.132568285,-0.012631485
1.78869E+18,-0.132533133,-0.012596333
1.78869E+18,-0.132363454,-0.012426654
1.78869E+18,-0.132261962,-0.012325162
1.78869E+18,-0.132118955,-0.012182155
1.78869E+18,-0.1319599,-0.0120231
1.78869E+18,-0.13184756,-0.01191076
1.78869E+18,-0.131766677,-0.011829877
1.78869E+18,-0.131649688,-0.011712888
1.78869E+18,-0.13151218,-0.01157538
1.78869E+18,-0.131315008,-0.011378208
1.78869E+18,-0.131198674,-0.011261874
1.78869E+18,-0.131084368,-0.011147568
1.78869E+18,-0.130961448,-0.011024648
1.78869E+18,-0.130827233,-0.010890433
1.78869E+18,-0.130748272,-0.010811472
1.78869E+18,-0.130644083,-0.010707283
1.78869E+18,-0.130474284,-0.010537484
1.78869E+18,-0.130306497,-0.010369697
1.78869E+18,-0.130250439,-0.010313639
1.78869E+18,-0.130191773,-0.010254973
1.78869E+18,-0.130155906,-0.010219106
1.78869E+18,-0.129989445,-0.010052645
1.78869E+18,-0.129824445,-0.009887645
1.78869E+18,-0.129703611,-0.009766811
1.78869E+18,-0.129576296,-0.009639496
1.78869E+18,-0.129512399,-0.009575599
1.78869E+18,-0.129350275,-0.009413475
1.78869E+18,-0.129195541,-0.009258741
1.78869E+18,-0.129134208,-0.009197408
1.78869E+18,-0.129016757,-0.009079957
1.78869E+18,-0.128868371,-0.008931571
1.78869E+18,-0.128748924,-0.008812124
1.78869E+18,-0.128565818,-0.008629018
1.78869E+18,-0.128453538,-0.008516738
1.78869E+18,-0.128315315,-0.008378515
1.78869E+18,-0.128145263,-0.008208463
1.78869E+18,-0.127996877,-0.008060077
1.78869E+18,-0.127790555,-0.007853755
1.78869E+18,-0.127654642,-0.007717842
1.78869E+18,-0.127570018,-0.007633218
1.78869E+18,-0.12749815,-0.00756135
1.78869E+18,-0.127472907,-0.007536107
1.78869E+18,-0.127494171,-0.007557371
1.78869E+18,-0.127374068,-0.007437268
1.78869E+18,-0.127291322,-0.007354522
1.78869E+18,-0.127224147,-0.007287347
1.78869E+18,-0.127122685,-0.007185885
1.78869E+18,-0.127081349,-0.007144549
1.78869E+18,-0.126968563,-0.007031763
1.78869E+18,-0.126933098,-0.006996298
1.78869E+18,-0.126856253,-0.006919453
1.78869E+18,-0.126733661,-0.006796861
1.78869E+18,-0.126664594,-0.006727794
1.78869E+18,-0.12655057,-0.00661377
1.78869E+18,-0.126343563,-0.006406763
1.78869E+18,-0.126285061,-0.006348261
1.78869E+18,-0.126154825,-0.006218025
1.78869E+18,-0.125969574,-0.006032774
1.78869E+18,-0.125827566,-0.005890766
1.78869E+18,-0.125778392,-0.005841592
1.78869E+18,-0.125705704,-0.005768904
1.78869E+18,-0.125617549,-0.005680749
1.78869E+18,-0.125620022,-0.005683222
1.78869E+18,-0.125524387,-0.005587587
1.78869E+18,-0.125357598,-0.005420798
1.78869E+18,-0.125226036,-0.005289236
1.78869E+18,-0.125141397,-0.005204597
1.78869E+18,-0.125056759,-0.005119959
1.78869E+18,-0.124973632,-0.005036832
1.78869E+18,-0.124879435,-0.004942635
1.78869E+18,-0.124793231,-0.004856431
1.78869E+18,-0.124731138,-0.004794338
1.78869E+18,-0.124670565,-0.004733765
1.78869E+18,-0.124684416,-0.004747616
1.78869E+18,-0.124612875,-0.004676075
1.78869E+18,-0.124556236,-0.004619436
1.78869E+18,-0.12451341,-0.00457661
1.78869E+18,-0.124467112,-0.004530312
1.78869E+18,-0.124425285,-0.004488485
1.78869E+18,-0.124342509,-0.004405709
1.78869E+18,-0.124303751,-0.004366951
1.78869E+18,-0.124210961,-0.004274161
1.78869E+18,-0.124155909,-0.004219109
1.78869E+18,-0.124014899,-0.004078099
1.78869E+18,-0.123983912,-0.004047112
1.78869E+18,-0.123953208,-0.004016408
1.78869E+18,-0.123873346,-0.003936546
1.78869E+18,-0.123838805,-0.003902005
1.78869E+18,-0.123794585,-0.003857785
1.78869E+18,-0.123789608,-0.003852808
1.78869E+18,-0.123756923,-0.003820123
1.78869E+18,-0.123720817,-0.003784017
1.78869E+18,-0.123542421,-0.003605621
1.78869E+18,-0.12355946,-0.00362266
1.78869E+18,-0.123509623,-0.003572823
1.78869E+18,-0.123442672,-0.003505872
1.78869E+18,-0.12331225,-0.00337545
1.78869E+18,-0.123281345,-0.003344545
1.78869E+18,-0.123168863,-0.003232063
1.78869E+18,-0.123121828,-0.003185028
1.78869E+18,-0.123089328,-0.003152528
1.78869E+18,-0.123011373,-0.003074573
1.78869E+18,-0.122907855,-0.002971055
1.78869E+18,-0.12278834,-0.00285154
1.78869E+18,-0.122772962,-0.002836162
1.78869E+18,-0.122728452,-0.002791652
1.78869E+18,-0.122670792,-0.002733992
1.78869E+18,-0.122634597,-0.002697797
1.78869E+18,-0.122629575,-0.002692775
1.78869E+18,-0.122624762,-0.002687962
1.78869E+18,-0.122651495,-0.002714695
1.78869E+18,-0.122538574,-0.002601774
1.78869E+18,-0.122426152,-0.002489352
1.78869E+18,-0.122425467,-0.002488667
1.78869E+18,-0.122380987,-0.002444187
1.78869E+18,-0.122335874,-0.002399074
1.78869E+18,-0.122275472,-0.002338672
1.78869E+18,-0.122245327,-0.002308527
1.78869E+18,-0.122158267,-0.002221467
1.78869E+18,-0.122131713,-0.002194913
1.78869E+18,-0.122035719,-0.002098919
1.78869E+18,-0.121939823,-0.002003023
1.78869E+18,-0.121871211,-0.001934411
1.78869E+18,-0.121855207,-0.001918407
1.78869E+18,-0.12188293,-0.00194613
1.78869E+18,-0.121880926,-0.001944126
1.78869E+18,-0.121832944,-0.001896144
1.78869E+18,-0.121737003,-0.001800203
1.78869E+18,-0.121695414,-0.001758614
1.78869E+18,-0.121600039,-0.001663239
1.78869E+18,-0.121582016,-0.001645216
1.78869E+18,-0.121511154,-0.001574354
1.78869E+18,-0.121375531,-0.001438731
1.78869E+18,-0.12126331,-0.00132651
1.78869E+18,-0.121212415,-0.001275615
1.78869E+18,-0.121140145,-0.001203345
1.78869E+18,-0.121049531,-0.001112731
1.78869E+18,-0.120952174,-0.001015374
1.78869E+18,-0.120915286,-0.000978486
1.78869E+18,-0.120962836,-0.001026036
1.78869E+18,-0.120960578,-0.001023778
1.78869E+18,-0.120782204,-0.000845404
1.78869E+18,-0.120737955,-0.000801155
1.78869E+18,-0.120557301,-0.000620501
1.78869E+18,-0.120469362,-0.000532562
1.78869E+18,-0.120449938,-0.000513138
1.78869E+18,-0.120471321,-0.000534521
1.78869E+18,-0.120526277,-0.000589477
1.78869E+18,-0.120553091,-0.000616291
1.78869E+18,-0.120703749,-0.000766949
1.78869E+18,-0.120792106,-0.000855306
1.78869E+18,-0.120800287,-0.000863487
1.78869E+18,-0.120659456,-0.000722656
1.78869E+18,-0.120663486,-0.000726686
1.78869E+18,-0.120633766,-0.000696966
1.78869E+18,-0.120582856,-0.000646056
1.78869E+18,-0.120273575,-0.000336775
1.78869E+18,-0.119936839,-3.87461E-08
1.78869E+18,-0.119645499,0.000291301
1.78869E+18,-0.1187682,0.0011686
1.78869E+18,-0.117648937,0.002287863
1.78869E+18,-0.116326585,0.003610215
1.78869E+18,-0.108294345,0.011642455
1.78869E+18,-0.095784128,0.024152672
1.78869E+18,-0.079485297,0.040451503
1.78869E+18,-0.050002545,0.069934255
1.78869E+18,-0.020840066,0.099096734
1.78869E+18,-0.009794108,0.110142692
1.78869E+18,0.01881144,0.13874824
1.78869E+18,0.040242355,0.160179155
1.78869E+18,0.06062156,0.18055836
1.78869E+18,0.064275399,0.184212199
1.78869E+18,0.066051416,0.185988216
1.78869E+18,0.06913694,0.18907374
1.78869E+18,0.071822837,0.191759637
1.78869E+18,0.074519314,0.194456114
1.78869E+18,0.077375107,0.197311907
1.78869E+18,0.079022072,0.198958872
1.78869E+18,0.081080809,0.201017609
1.78869E+18,0.085978158,0.205914958
1.78869E+18,0.088268928,0.208205728
1.78869E+18,0.08876659,0.20870339
1.78869E+18,0.092121914,0.212058714
1.78869E+18,0.093888372,0.213825172
1.78869E+18,0.096023984,0.215960784
1.78869E+18,0.098884046,0.218820846
1.78869E+18,0.100796379,0.220733179
1.78869E+18,0.103985325,0.223922125
1.78869E+18,0.107011132,0.226947932
1.78869E+18,0.110252425,0.230189225
1.78869E+18,0.113770202,0.233707002
1.78869E+18,0.116977446,0.236914246
1.78869E+18,0.120040126,0.239976926
1.78869E+18,0.123449057,0.243385857
1.78869E+18,0.125505611,0.245442411
1.78869E+18,0.127784297,0.247721097
1.78869E+18,0.129639149,0.249575949
1.78869E+18,0.130949184,0.250885984
1.78869E+18,0.132507205,0.252444005
1.78869E+18,0.133902282,0.253839082
1.78869E+18,0.135120988,0.255057788
1.78869E+18,0.137327939,0.257264739
1.78869E+18,0.138861418,0.258798218
1.78869E+18,0.139780253,0.259717053
1.78869E+18,0.141125634,0.261062434
1.78869E+18,0.14162001,0.26155681
1.78869E+18,0.142868772,0.262805572
1.78869E+18,0.143491477,0.263428277
1.78869E+18,0.144067109,0.264003909
1.78869E+18,0.142940104,0.262876904
1.78869E+18,0.141271859,0.261208659
1.78869E+18,0.137795553,0.257732353
1.78869E+18,0.133623451,0.253560251
1.78869E+18,0.13055557,0.25049237
1.78869E+18,0.127392337,0.247329137
1.78869E+18,0.124547094,0.244483894
1.78869E+18,0.118485451,0.238422251
1.78869E+18,0.114558592,0.234495392
1.78869E+18,0.108487703,0.228424503
1.78869E+18,0.104164921,0.224101721
1.78869E+18,0.095911145,0.215847945
1.78869E+18,0.091903917,0.211840717
1.78869E+18,0.084514618,0.204451418
1.78869E+18,0.078953534,0.198890334
1.78869E+18,0.073390797,0.193327597
1.78869E+18,0.067875825,0.187812625
1.78869E+18,0.063626818,0.183563618
1.78869E+18,0.060272042,0.180208842
1.78869E+18,0.056409523,0.176346323
1.78869E+18,0.052022129,0.171958929
1.78869E+18,0.047345184,0.167281984
1.78869E+18,0.041800175,0.161736975
1.78869E+18,0.035501998,0.155438798
1.78869E+18,0.029499236,0.149436036
1.78869E+18,0.023325633,0.143262433
1.78869E+18,0.018015312,0.137952112
1.78869E+18,0.015295475,0.135232275
1.78869E+18,0.011216485,0.131153285
1.78869E+18,0.006950639,0.126887439
1.78869E+18,0.001824212,0.121761012
1.78869E+18,-0.000953773,0.118983027
1.78869E+18,-0.005821102,0.114115698
1.78869E+18,-0.010667074,0.109269726
1.78869E+18,-0.015051224,0.104885576
1.78869E+18,-0.020366549,0.099570251
1.78869E+18,-0.025400873,0.094535927
1.78869E+18,-0.030406442,0.089530358
1.78869E+18,-0.035784312,0.084152488
1.78869E+18,-0.040633906,0.079302894
1.78869E+18,-0.045248661,0.074688139
1.78869E+18,-0.050007463,0.069929337
1.78869E+18,-0.054390099,0.065546701
1.78869E+18,-0.058724452,0.061212348
1.78869E+18,-0.063258961,0.056677839
1.78869E+18,-0.067634054,0.052302746
1.78869E+18,-0.069226988,0.050709812
1.78869E+18,-0.070113517,0.049823283
1.78869E+18,-0.075931825,0.044004975
1.78869E+18,-0.080375426,0.039561374
1.78869E+18,-0.082842514,0.037094286
1.78869E+18,-0.086403787,0.033533013
1.78869E+18,-0.088932067,0.031004733
1.78869E+18,-0.092560276,0.027376524
1.78869E+18,-0.096532702,0.023404098
1.78869E+18,-0.100553893,0.019382907
1.78869E+18,-0.104218751,0.015718049
1.78869E+18,-0.108944535,0.010992265
1.78869E+18,-0.112339199,0.007597601
1.78869E+18,-0.116295494,0.003641306
1.78869E+18,-0.119530387,0.000406413
1.78869E+18,-0.122697763,-0.002760963
1.78869E+18,-0.126842514,-0.006905714
1.78869E+18,-0.129924208,-0.009987408
1.78869E+18,-0.132312804,-0.012376004
1.78869E+18,-0.133193269,-0.013256469
1.78869E+18,-0.134530246,-0.014593446
1.78869E+18,-0.139829308,-0.019892508
1.78869E+18,-0.142641023,-0.022704223
1.78869E+18,-0.1457178,-0.025781
1.78869E+18,-0.148423538,-0.028486738
1.78869E+18,-0.14975661,-0.02981981
1.78869E+18,-0.150167957,-0.030231157
1.78869E+18,-0.151098564,-0.031161764
1.78869E+18,-0.149761543,-0.029824743
1.78869E+18,-0.149952143,-0.030015343
1.78869E+18,-0.150637135,-0.030700335
1.78869E+18,-0.150425375,-0.030488575
1.78869E+18,-0.149261191,-0.029324391
1.78869E+18,-0.146520719,-0.026583919
1.78869E+18,-0.144679427,-0.024742627
1.78869E+18,-0.142626897,-0.022690097
1.78869E+18,-0.139809057,-0.019872257
1.78869E+18,-0.138239831,-0.018303031
1.78869E+18,-0.135867208,-0.015930408
1.78869E+18,-0.133382171,-0.013445371
1.78869E+18,-0.129893646,-0.009956846
1.78869E+18,-0.126090109,-0.006153309
1.78869E+18,-0.121283345,-0.001346545
1.78869E+18,-0.114365727,0.005571073
1.78869E+18,-0.104962297,0.014974503
1.78869E+18,-0.099182867,0.020753933
1.78869E+18,-0.091583103,0.028353697
1.78869E+18,-0.084306672,0.035630128
1.78869E+18,-0.078384086,0.041552714
1.78869E+18,-0.071760237,0.048176563
1.78869E+18,-0.066522077,0.053414723
1.78869E+18,-0.060834974,0.059101826
1.78869E+18,-0.057097588,0.062839212
1.78869E+18,-0.053621072,0.066315728
1.78869E+18,-0.049766045,0.070170755
1.78869E+18,-0.045034811,0.074901989
1.78869E+18,-0.042781714,0.077155086
1.78869E+18,-0.040471945,0.079464855
1.78869E+18,-0.039287478,0.080649322
1.78869E+18,-0.038293295,0.081643505
1.78869E+18,-0.03688781,0.08304899
1.78869E+18,-0.035738233,0.084198567
1.78869E+18,-0.035276648,0.084660152
1.78869E+18,-0.033192791,0.086744009
1.78869E+18,-0.031388726,0.088548074
1.78869E+18,-0.028387969,0.091548831
1.78869E+18,-0.025200253,0.094736547
1.78869E+18,-0.021862227,0.098074573
1.78869E+18,-0.018630223,0.101306577
1.78869E+18,-0.014936768,0.105000032
1.78869E+18,-0.008536753,0.111400047
1.78869E+18,-0.00460737,0.11532943
1.78869E+18,0.001202483,0.121139283
1.78869E+18,0.006509515,0.126446315
1.78869E+18,0.011809095,0.131745895
1.78869E+18,0.016132373,0.136069173
1.78869E+18,0.015562382,0.135499182
1.78869E+18,0.016724402,0.136661202
1.78869E+18,0.018673448,0.138610248
1.78869E+18,0.020937497,0.140874297
1.78869E+18,0.023525609,0.143462409
1.78869E+18,0.026117651,0.146054451
1.78869E+18,0.029208772,0.149145572
1.78869E+18,0.032050475,0.151987275
1.78869E+18,0.035485502,0.155422302
1.78869E+18,0.039044593,0.158981393
1.78869E+18,0.042641096,0.162577896
1.78869E+18,0.047282495,0.167219295
1.78869E+18,0.051337332,0.171274132
1.78869E+18,0.055807486,0.175744286
1.78869E+18,0.060089506,0.180026306
1.78869E+18,0.0655865,0.1855233
1.78869E+18,0.072351672,0.192288472
1.78869E+18,0.078762412,0.198699212
1.78869E+18,0.085804641,0.205741441
1.78869E+18,0.092217274,0.212154074
1.78869E+18,0.100152589,0.220089389
1.78869E+18,0.106566876,0.226503676
1.78869E+18,0.112380393,0.232317193
1.78869E+18,0.117862061,0.237798861
1.78869E+18,0.12446361,0.24440041
1.78869E+18,0.130408376,0.250345176
1.78869E+18,0.135027066,0.254963866
1.78869E+18,0.137969971,0.257906771
1.78869E+18,0.14114733,0.26108413
1.78869E+18,0.14460218,0.26453898
1.78869E+18,0.148200095,0.268136895
1.78869E+18,0.149550647,0.269487447
1.78869E+18,0.151303262,0.271240062
1.78869E+18,0.154460177,0.274396977
1.78869E+18,0.158649027,0.278585827
1.78869E+18,0.162109494,0.282046294
1.78869E+18,0.166544825,0.286481625
1.78869E+18,0.16414462,0.28408142
1.78869E+18,0.166847929,0.286784729
1.78869E+18,0.168020159,0.287956959
1.78869E+18,0.172787771,0.292724571
1.78869E+18,0.169960484,0.289897284
1.78869E+18,0.169132933,0.289069733
1.78869E+18,0.166049197,0.285985997
1.78869E+18,0.167999119,0.287935919
1.78869E+18,0.165161595,0.285098395
1.78869E+18,0.163167819,0.283104619
1.78869E+18,0.163428888,0.283365688
1.78869E+18,0.164745837,0.284682637
1.78869E+18,0.163374513,0.283311313
1.78869E+18,0.162214577,0.282151377
1.78869E+18,0.16215454,0.28209134
1.78869E+18,0.161627844,0.281564644
1.78869E+18,0.163197935,0.283134735
1.78869E+18,0.163072765,0.283009565
1.78869E+18,0.163971305,0.283908105
1.78869E+18,0.162089542,0.282026342
1.78869E+18,0.160852954,0.280789754
1.78869E+18,0.1590572,0.278994
1.78869E+18,0.157344431,0.277281231
1.78869E+18,0.156527773,0.276464573
1.78869E+18,0.154235587,0.274172387
1.78869E+18,0.15340364,0.27334044
1.78869E+18,0.151726916,0.271663716
1.78869E+18,0.150551081,0.270487881
1.78869E+18,0.150089204,0.270026004
1.78869E+18,0.146324158,0.266260958
1.78869E+18,0.144017473,0.263954273
1.78869E+18,0.140329912,0.260266712
1.78869E+18,0.136443883,0.256380683
1.78869E+18,0.131096378,0.251033178
1.78869E+18,0.125109896,0.245046696
1.78869E+18,0.120864376,0.240801176
1.78869E+18,0.115434214,0.235371014
1.78869E+18,0.108660452,0.228597252
1.78869E+18,0.102399692,0.222336492
1.78869E+18,0.096166775,0.216103575
1.78869E+18,0.090725318,0.210662118
1.78869E+18,0.084764853,0.204701653
1.78869E+18,0.079284884,0.199221684
1.78869E+18,0.073073961,0.193010761
1.78869E+18,0.070427045,0.190363845
1.78869E+18,0.064473324,0.184410124
1.78869E+18,0.058954518,0.178891318
1.78869E+18,0.05402568,0.17396248
1.78869E+18,0.047104355,0.167041155
1.78869E+18,0.041679036,0.161615836
1.78869E+18,0.033400767,0.153337567
1.78869E+18,0.026366623,0.146303423
1.78869E+18,0.020405689,0.140342489
1.78869E+18,0.014448355,0.134385155
1.78869E+18,0.0095464,0.1294832
1.78869E+18,0.003888402,0.123825202
1.78869E+18,-0.001314475,0.118622325
1.78869E+18,-0.005051768,0.114885032
1.78869E+18,-0.005546595,0.114390205
1.78869E+18,-0.006481897,0.113454903
1.78869E+18,-0.008056916,0.111879884
1.78869E+18,-0.010216802,0.109719998
1.78869E+18,-0.013298436,0.106638364
1.78869E+18,-0.017403474,0.102533326
1.78869E+18,-0.022736963,0.097199837
1.78869E+18,-0.028809274,0.091127526
1.78869E+18,-0.034176584,0.085760216
1.78869E+18,-0.040180504,0.079756296
1.78869E+18,-0.045887813,0.074048987
1.78869E+18,-0.051125914,0.068810886
1.78869E+18,-0.055742983,0.064193817
1.78869E+18,-0.059367046,0.060569754
1.78869E+18,-0.063806795,0.056130005
1.78869E+18,-0.066766702,0.053170098
1.78869E+18,-0.070402689,0.049534111
1.78869E+18,-0.073160782,0.046776018
1.78869E+18,-0.076017156,0.043919644
1.78869E+18,-0.079438701,0.040498099
1.78869E+18,-0.081650287,0.038286513
1.78869E+18,-0.084752917,0.035183883
1.78869E+18,-0.088184454,0.031752346
1.78869E+18,-0.090955809,0.028980991
1.78869E+18,-0.092155114,0.027781686
1.78869E+18,-0.095158115,0.024778685
1.78869E+18,-0.097905703,0.022031097
1.78869E+18,-0.100539014,0.019397786
1.78869E+18,-0.103651971,0.016284829
1.78869E+18,-0.10577824,0.01415856
1.78869E+18,-0.109025858,0.010910942
1.78869E+18,-0.111480288,0.008456512
1.78869E+18,-0.114179663,0.005757137
1.78869E+18,-0.116797626,0.003139174
1.78869E+18,-0.119234085,0.000702715
1.78869E+18,-0.121694289,-0.001757489
1.78869E+18,-0.124842383,-0.004905583
1.78869E+18,-0.129365593,-0.009428793
1.78869E+18,-0.132229507,-0.012292707
1.78869E+18,-0.135626152,-0.015689352
1.78869E+18,-0.139534205,-0.019597405
1.78869E+18,-0.141311392,-0.021374592
1.78869E+18,-0.143992424,-0.024055624
1.78869E+18,-0.147323057,-0.027386257
1.78869E+18,-0.149413586,-0.029476786
1.78869E+18,-0.155528024,-0.035591224
1.78869E+18,-0.156178102,-0.036241302
1.78869E+18,-0.157554314,-0.037617514
1.78869E+18,-0.160968915,-0.041032115
1.78869E+18,-0.163720086,-0.043783286
1.78869E+18,-0.166900009,-0.046963209
1.78869E+18,-0.17052266,-0.05058586
1.78869E+18,-0.172023013,-0.052086213
1.78869E+18,-0.17299448,-0.05305768
1.78869E+18,-0.173981369,-0.054044569
1.78869E+18,-0.174118862,-0.054182062
1.78869E+18,-0.173364699,-0.053427899
1.78869E+18,-0.172801271,-0.052864471
1.78869E+18,-0.169138834,-0.049202034
1.78869E+18,-0.16822426,-0.04828746
1.78869E+18,-0.164824039,-0.044887239
1.78869E+18,-0.162792608,-0.042855808
1.78869E+18,-0.158746541,-0.038809741
1.78869E+18,-0.156562284,-0.036625484
1.78869E+18,-0.154976264,-0.035039464
1.78869E+18,-0.153869152,-0.033932352
1.78869E+18,-0.151756912,-0.031820112
1.78869E+18,-0.149431854,-0.029495054
1.78869E+18,-0.146732166,-0.026795366
1.78869E+18,-0.144722283,-0.024785483
1.78869E+18,-0.13990581,-0.01996901
1.78869E+18,-0.136721954,-0.016785154
1.78869E+18,-0.130539656,-0.010602856
1.78869E+18,-0.125794053,-0.005857253
1.78869E+18,-0.119872592,6.42076E-05
1.78869E+18,-0.115617909,0.004318891
1.78869E+18,-0.110360906,0.009575894
1.78869E+18,-0.105588578,0.014348222
1.78869E+18,-0.101470776,0.018466024
1.78869E+18,-0.098883167,0.021053633
1.78869E+18,-0.096657,0.0232798
1.78869E+18,-0.094125964,0.025810836
1.78869E+18,-0.089544356,0.030392444
1.78869E+18,-0.08689297,0.03304383
1.78869E+18,-0.084561914,0.035374886
1.78869E+18,-0.082306892,0.037629908
1.78869E+18,-0.078709759,0.041227041
1.78869E+18,-0.076834969,0.043101831
1.78869E+18,-0.07281445,0.04712235
1.78869E+18,-0.069754459,0.050182341
1.78869E+18,-0.06398946,0.05594734
1.78869E+18,-0.059634838,0.060301962
1.78869E+18,-0.05503368,0.06490312
1.78869E+18,-0.04894514,0.07099166
1.78869E+18,-0.044926304,0.075010496
1.78869E+18,-0.039444242,0.080492558
1.78869E+18,-0.035532556,0.084404244
1.78869E+18,-0.031070592,0.088866208
1.78869E+18,-0.027100446,0.092836354
1.78869E+18,-0.023279391,0.096657409
1.78869E+18,-0.019717699,0.100219101
1.78869E+18,-0.015115534,0.104821266
1.78869E+18,-0.012373462,0.107563338
1.78869E+18,-0.012511116,0.107425684
1.78869E+18,-0.012798801,0.107137999
1.78869E+18,-0.011982149,0.107954651
1.78869E+18,-0.011197469,0.108739331
1.78869E+18,-0.009173388,0.110763412
1.78869E+18,-0.006406144,0.113530656
1.78869E+18,-0.003168435,0.116768365
1.78869E+18,0.000622016,0.120558816
1.78869E+18,0.00398002,0.12391682
1.78869E+18,0.007790171,0.127726971
1.78869E+18,0.012201464,0.132138264
1.78869E+18,0.016695397,0.136632197
1.78869E+18,0.021154905,0.141091705
1.78869E+18,0.025655318,0.145592118
1.78869E+18,0.030368293,0.150305093
1.78869E+18,0.036431406,0.156368206
1.78869E+18,0.041452266,0.161389066
1.78869E+18,0.046950374,0.166887174
1.78869E+18,0.053053532,0.172990332
1.78869E+18,0.060449827,0.180386627
1.78869E+18,0.06770581,0.18764261
1.78869E+18,0.074156068,0.194092868
1.78869E+18,0.082578145,0.202514945
1.78869E+18,0.088891245,0.208828045
1.78869E+18,0.095124803,0.215061603
1.78869E+18,0.101016395,0.220953195
1.78869E+18,0.107558116,0.227494916
1.78869E+18,0.113089502,0.233026302
1.78869E+18,0.116864651,0.236801451
1.78869E+18,0.120431751,0.240368551
1.78869E+18,0.124827772,0.244764572
1.78869E+18,0.128258586,0.248195386
1.78869E+18,0.130181044,0.250117844
1.78869E+18,0.133992374,0.253929174
1.78869E+18,0.135861233,0.255798033
1.78869E+18,0.139077947,0.259014747
1.78869E+18,0.142150864,0.262087664
1.78869E+18,0.144803718,0.264740518
1.78869E+18,0.147145376,0.267082176
1.78869E+18,0.149402753,0.269339553
1.78869E+18,0.152708903,0.272645703
1.78869E+18,0.153612703,0.273549503
1.78869E+18,0.15075776,0.27069456
1.78869E+18,0.14907454,0.26901134
1.78869E+18,0.148487896,0.268424696
1.78869E+18,0.147151545,0.267088345
1.78869E+18,0.146311522,0.266248322
1.78869E+18,0.149447739,0.269384539
1.78869E+18,0.148382753,0.268319553
1.78869E+18,0.147944257,0.267881057
1.78869E+18,0.148277938,0.268214738
1.78869E+18,0.147358567,0.267295367
1.78869E+18,0.151449978,0.271386778
1.78869E+18,0.150994807,0.270931607
1.78869E+18,0.152651608,0.272588408
1.78869E+18,0.151104391,0.271041191
1.78869E+18,0.150303975,0.270240775
1.78869E+18,0.148630023,0.268566823
1.78869E+18,0.146041423,0.265978223
1.78869E+18,0.145415202,0.265352002
1.78869E+18,0.144165918,0.264102718
1.78869E+18,0.141847104,0.261783904
1.78869E+18,0.14056477,0.26050157
1.78869E+18,0.140125617,0.260062417
1.78869E+18,0.139779851,0.259716651
1.78869E+18,0.136903018,0.256839818
1.78869E+18,0.134740934,0.254677734
1.78869E+18,0.131344587,0.251281387
1.78869E+18,0.128018007,0.247954807
1.78869E+18,0.124467283,0.244404083
1.78869E+18,0.120060287,0.239997087
1.78869E+18,0.116329588,0.236266388
1.78869E+18,0.111668497,0.231605297
1.78869E+18,0.10611514,0.22605194
1.78869E+18,0.10090743,0.22084423
1.78869E+18,0.095289268,0.215226068
1.78869E+18,0.090099074,0.210035874
1.78869E+18,0.084180392,0.204117192
1.78869E+18,0.082276642,0.202213442
1.78869E+18,0.0781454,0.1980822
1.78869E+18,0.074851558,0.194788358
1.78869E+18,0.07175608,0.19169288
1.78869E+18,0.066873245,0.186810045
1.78869E+18,0.063528962,0.183465762
1.78869E+18,0.059819251,0.179756051
1.78869E+18,0.055058282,0.174995082
1.78869E+18,0.050431076,0.170367876
1.78869E+18,0.044740334,0.164677134
1.78869E+18,0.041033681,0.160970481
1.78869E+18,0.034725513,0.154662313
1.78869E+18,0.029964292,0.149901092
1.78869E+18,0.024535416,0.144472216
1.78869E+18,0.019111145,0.139047945
1.78869E+18,0.013228492,0.133165292
1.78869E+18,0.008179545,0.128116345
1.78869E+18,-0.001799135,0.118137665
1.78869E+18,-0.012235879,0.107700921
1.78869E+18,-0.02178547,0.09815133
1.78869E+18,-0.031843122,0.088093678
1.78869E+18,-0.038090553,0.081846247
1.78869E+18,-0.039139103,0.080797697
1.78869E+18,-0.04091173,0.07902507
1.78869E+18,-0.042162545,0.077774255
1.78869E+18,-0.043389626,0.076547174
1.78869E+18,-0.045147702,0.074789098
1.78869E+18,-0.047398265,0.072538535
1.78869E+18,-0.049626164,0.070310636
1.78869E+18,-0.051016621,0.068920179
1.78869E+18,-0.053945217,0.065991583
1.78869E+18,-0.055193476,0.064743324
1.78869E+18,-0.056878354,0.063058446
1.78869E+18,-0.058748838,0.061187962
1.78869E+18,-0.059763297,0.060173503
1.78869E+18,-0.061659899,0.058276901
1.78869E+18,-0.063018255,0.056918545
1.78869E+18,-0.064478554,0.055458246
1.78869E+18,-0.065882385,0.054054415
1.78869E+18,-0.067960501,0.051976299
1.78869E+18,-0.070064642,0.049872158
1.78869E+18,-0.071381569,0.048555231
1.78869E+18,-0.07358937,0.04634743
1.78869E+18,-0.076033652,0.043903148
1.78869E+18,-0.077865377,0.042071423
1.78869E+18,-0.080369577,0.039567223
1.78869E+18,-0.082821093,0.037115707
1.78869E+18,-0.08512181,0.03481499
1.78869E+18,-0.08775387,0.03218293
1.78869E+18,-0.090091042,0.029845758
1.78869E+18,-0.092933841,0.027002959
1.78869E+18,-0.095205061,0.024731739
1.78869E+18,-0.096693575,0.023243225
1.78869E+18,-0.09885744,0.02107936
1.78869E+18,-0.100515552,0.019421248
1.78869E+18,-0.102727741,0.017209059
1.78869E+18,-0.104359262,0.015577538
1.78869E+18,-0.106090494,0.013846306
1.78869E+18,-0.107030213,0.012906587
1.78869E+18,-0.105151549,0.014785251
1.78869E+18,-0.106991671,0.012945129
1.78869E+18,-0.107411727,0.012525073
1.78869E+18,-0.106724828,0.013211972
1.78869E+18,-0.106757201,0.013179599
1.78869E+18,-0.106673144,0.013263656
1.78869E+18,-0.107749648,0.012187152
1.78869E+18,-0.10639023,0.01354657
1.78869E+18,-0.10582041,0.01411639
1.78869E+18,-0.106088974,0.013847826
1.78869E+18,-0.106093489,0.013843311
1.78869E+18,-0.106111929,0.013824871
1.78869E+18,-0.106645539,0.013291261
1.78869E+18,-0.105339363,0.014597437
1.78869E+18,-0.106278539,0.013658261
1.78869E+18,-0.10563197,0.01430483
1.78869E+18,-0.105008237,0.014928563
1.78869E+18,-0.105585724,0.014351076
1.78869E+18,-0.105690464,0.014246336
1.78869E+18,-0.10688787,0.01304893
1.78869E+18,-0.107403435,0.012533365
1.78869E+18,-0.107553229,0.012383571
1.78869E+18,-0.107530989,0.012405811
1.78869E+18,-0.107541345,0.012395455
1.78869E+18,-0.108098216,0.011838584
1.78869E+18,-0.106523268,0.013413532
1.78869E+18,-0.108182304,0.011754496
1.78869E+18,-0.10926912,0.01066768
1.78869E+18,-0.110363267,0.009573533
1.78869E+18,-0.112478435,0.007458365
1.78869E+18,-0.116163298,0.003773502
1.78869E+18,-0.117123932,0.002812868
1.78869E+18,-0.117264561,0.002672239
1.78869E+18,-0.117306396,0.002630404
1.78869E+18,-0.117209643,0.002727157
1.78869E+18,-0.118050508,0.001886292
1.78869E+18,-0.119767226,0.000169574
1.78869E+18,-0.120947003,-0.001010203
1.78869E+18,-0.121136896,-0.001200096
1.78869E+18,-0.122317359,-0.002380559
1.78869E+18,-0.123606659,-0.003669859
1.78869E+18,-0.122667797,-0.002730997
1.78869E+18,-0.123901412,-0.003964612
1.78869E+18,-0.123903908,-0.003967108
1.78869E+18,-0.124783985,-0.004847185
1.78869E+18,-0.123972557,-0.004035757
1.78869E+18,-0.123492397,-0.003555597
1.78869E+18,-0.122520134,-0.002583334
1.78869E+18,-0.122460969,-0.002524169
1.78869E+18,-0.119371027,0.000565773
1.78869E+18,-0.118860759,0.001076041
1.78869E+18,-0.116234496,0.003702304
1.78869E+18,-0.11411678,0.00582002
1.78869E+18,-0.111374803,0.008561997
1.78869E+18,-0.108029798,0.011907002
1.78869E+18,-0.103561126,0.016375674
1.78869E+18,-0.099914923,0.020021877
1.78869E+18,-0.094907768,0.025029032
1.78869E+18,-0.090130851,0.029805949
1.78869E+18,-0.085893624,0.034043176
1.78869E+18,-0.080875501,0.039061299
1.78869E+18,-0.076457433,0.043479367
1.78869E+18,-0.071892329,0.048044471
1.78869E+18,-0.068193413,0.051743387
1.78869E+18,-0.064415261,0.055521539
1.78869E+18,-0.060877547,0.059059253
1.78869E+18,-0.057048883,0.062887917
1.78869E+18,-0.054638728,0.065298072
1.78869E+18,-0.051980522,0.067956278
1.78869E+18,-0.050241593,0.069695207
1.78869E+18,-0.048499446,0.071437354
1.78869E+18,-0.04640856,0.07352824
1.78869E+18,-0.045006678,0.074930122
1.78869E+18,-0.043401588,0.076535212
1.78869E+18,-0.042314239,0.077622561
1.78869E+18,-0.040813565,0.079123235
1.78869E+18,-0.039648801,0.080287999
1.78869E+18,-0.038162492,0.081774308
1.78869E+18,-0.036952086,0.082984714
1.78869E+18,-0.035686165,0.084250635
1.78869E+18,-0.034016576,0.085920224
1.78869E+18,-0.033189811,0.086746989
1.78869E+18,-0.032966167,0.086970633
1.78869E+18,-0.033142205,0.086794595
1.78869E+18,-0.033294249,0.086642551
1.78869E+18,-0.033351939,0.086584861
1.78869E+18,-0.033461645,0.086475155
1.78869E+18,-0.033511404,0.086425396
1.78869E+18,-0.033562694,0.086374106
1.78869E+18,-0.033613317,0.086323483
1.78869E+18,-0.03371143,0.08622537
1.78869E+18,-0.033824261,0.086112539
1.78869E+18,-0.03393,0.0860068
1.78869E+18,-0.033959016,0.085977784
1.78869E+18,-0.034041516,0.085895284
1.78869E+18,-0.034080986,0.085855814
1.78869E+18,-0.034114391,0.085822409
1.78869E+18,-0.034208074,0.085728726
1.78869E+18,-0.034025531,0.085911269
1.78869E+18,-0.033699591,0.086237209
1.78869E+18,-0.033133809,0.086802991
1.78869E+18,-0.032582637,0.087354163
1.78869E+18,-0.031853568,0.088083232
1.78869E+18,-0.031072233,0.088864567
1.78869E+18,-0.030103927,0.089832873
1.78869E+18,-0.029275136,0.090661664
1.78869E+18,-0.028383611,0.091553189
1.78869E+18,-0.027509931,0.092426869
1.78869E+18,-0.026875488,0.093061312
1.78869E+18,-0.026587589,0.093349211
1.78869E+18,-0.026834814,0.093101986
1.78869E+18,-0.027299218,0.092637582
1.78869E+18,-0.028286938,0.091649862
1.78869E+18,-0.029586632,0.090350168
1.78869E+18,-0.03109324,0.08884356
1.78869E+18,-0.033160031,0.086776769
1.78869E+18,-0.035176482,0.084760318
1.78869E+18,-0.036383856,0.083552944
1.78869E+18,-0.038659941,0.081276859
1.78869E+18,-0.039506536,0.080430264
1.78869E+18,-0.041524854,0.078411946
1.78869E+18,-0.042887807,0.077048993
1.78869E+18,-0.041998252,0.077938548
1.78869E+18,-0.042594608,0.077342192
1.78869E+18,-0.042468876,0.077467924
1.78869E+18,-0.04264899,0.07728781
1.78869E+18,-0.04271432,0.07722248
1.78869E+18,-0.042773679,0.077163121
1.78869E+18,-0.042776417,0.077160383
1.78869E+18,-0.042895939,0.077040861
1.78869E+18,-0.042955,0.0769818
1.78869E+18,-0.043027423,0.076909377
1.78869E+18,-0.043154307,0.076782493
1.78869E+18,-0.043265682,0.076671118
1.78869E+18,-0.043376684,0.076560116
1.78869E+18,-0.043425485,0.076511315
1.78869E+18,-0.043458246,0.076478554
1.78869E+18,-0.043563925,0.076372875
1.78869E+18,-0.043627091,0.076309709
1.78869E+18,-0.04367033,0.07626647
1.78869E+18,-0.043768965,0.076167835
1.78869E+18,-0.043817326,0.076119474
1.78869E+18,-0.043926217,0.076010583
1.78869E+18,-0.044013862,0.075922938
1.78869E+18,-0.044062376,0.075874424
1.78869E+18,-0.044158991,0.075777809
1.78869E+18,-0.044277798,0.075659002
1.78869E+18,-0.044392724,0.075544076
1.78869E+18,-0.04449277,0.07544403
1.78869E+18,-0.044551417,0.075385383
1.78869E+18,-0.044605285,0.075331515
1.78869E+18,-0.044659369,0.075277431
1.78869E+18,-0.044770926,0.075165874
1.78869E+18,-0.044825032,0.075111768
1.78869E+18,-0.044884168,0.075052632
1.78869E+18,-0.044960957,0.074975843
1.78869E+18,-0.045073971,0.074862829
1.78869E+18,-0.045232806,0.074703994
1.78869E+18,-0.045305975,0.074630825
1.78869E+18,-0.045477122,0.074459678
1.78869E+18,-0.045595367,0.074341433
1.78869E+18,-0.045709137,0.074227663
1.78869E+18,-0.04582952,0.07410728
1.78869E+18,-0.046403632,0.073533168
1.78869E+18,-0.046987589,0.072949211
1.78869E+18,-0.047516592,0.072420208
1.78869E+18,-0.048088096,0.071848704
1.78869E+18,-0.048641313,0.071295487
1.78869E+18,-0.04921684,0.07071996
1.78869E+18,-0.049824957,0.070111843
1.78869E+18,-0.050467845,0.069468955
1.78869E+18,-0.050947182,0.068989618
1.78869E+18,-0.051501248,0.068435552
1.78869E+18,-0.0520766,0.0678602
1.78869E+18,-0.052657746,0.067279054
1.78869E+18,-0.053159006,0.066777794
1.78869E+18,-0.053670235,0.066266565
1.78869E+18,-0.054136228,0.065800572
1.78869E+18,-0.054613616,0.065323184
1.78869E+18,-0.055050991,0.064885809
1.78869E+18,-0.055433989,0.064502811
1.78869E+18,-0.055828519,0.064108281
1.78869E+18,-0.056214664,0.063722136
1.78869E+18,-0.056617443,0.063319357
1.78869E+18,-0.057076436,0.062860364
1.78869E+18,-0.057498191,0.062438609
1.78869E+18,-0.057935148,0.062001652
1.78869E+18,-0.058328196,0.061608604
1.78869E+18,-0.058784347,0.061152453
1.78869E+18,-0.059146341,0.060790459
1.78869E+18,-0.059545323,0.060391477
1.78869E+18,-0.059941709,0.059995091
1.78869E+18,-0.06031457,0.05962223
1.78869E+18,-0.060651086,0.059285714
1.78869E+18,-0.061007198,0.058929602
1.78869E+18,-0.0613016,0.0586352
1.78869E+18,-0.061706342,0.058230458
1.78869E+18,-0.062151086,0.057785714
1.78869E+18,-0.06247716,0.05745964
1.78869E+18,-0.062807024,0.057129776
1.78869E+18,-0.063183852,0.056752948
1.78869E+18,-0.063547343,0.056389457
1.78869E+18,-0.063861214,0.056075586
1.78869E+18,-0.064182281,0.055754519
1.78869E+18,-0.064530991,0.055405809
1.78869E+18,-0.064923078,0.055013722
1.78869E+18,-0.065317124,0.054619676
1.78869E+18,-0.065692306,0.054244494
1.78869E+18,-0.066032723,0.053904077
1.78869E+18,-0.066370055,0.053566745
1.78869E+18,-0.066696838,0.053239962
1.78869E+18,-0.067083389,0.052853411
1.78869E+18,-0.0675001,0.0524367
1.78869E+18,-0.06792032,0.05201648
1.78869E+18,-0.068147957,0.051788843
1.78869E+18,-0.068437785,0.051499015
1.78869E+18,-0.068879083,0.051057717
1.78869E+18,-0.069199167,0.050737633
1.78869E+18,-0.069541998,0.050394802
1.78869E+18,-0.069909088,0.050027712
1.78869E+18,-0.070285067,0.049651733
1.78869E+18,-0.070656754,0.049280046
1.78869E+18,-0.070990004,0.048946796
1.78869E+18,-0.071378924,0.048557876
1.78869E+18,-0.071741872,0.048194928
1.78869E+18,-0.072005659,0.047931141
1.78869E+18,-0.072246261,0.047690539
1.78869E+18,-0.072623037,0.047313763
1.78869E+18,-0.07292974,0.04700706
1.78869E+18,-0.073300041,0.046636759
1.78869E+18,-0.073628075,0.046308725
1.78869E+18,-0.073931567,0.046005233
1.78869E+18,-0.074187793,0.045749007
1.78869E+18,-0.074458122,0.045478678
1.78869E+18,-0.074751228,0.045185572
1.78869E+18,-0.075009272,0.044927528
1.78869E+18,-0.075264089,0.044672711
1.78869E+18,-0.075570449,0.044366351
1.78869E+18,-0.075739726,0.044197074
1.78869E+18,-0.075920448,0.044016352
1.78869E+18,-0.076171532,0.043765268
1.78869E+18,-0.076448739,0.043488061
1.78869E+18,-0.076687671,0.043249129
1.78869E+18,-0.076990373,0.042946427
1.78869E+18,-0.077230036,0.042706764
1.78869E+18,-0.077473015,0.042463785
1.78869E+18,-0.077674046,0.042262754
1.78869E+18,-0.077877387,0.042059413
1.78869E+18,-0.078143917,0.041792883
1.78869E+18,-0.078384548,0.041552252
1.78869E+18,-0.078610532,0.041326268
1.78869E+18,-0.078834958,0.041101842
1.78869E+18,-0.079025894,0.040910906
1.78869E+18,-0.079250723,0.040686077
1.78869E+18,-0.079481959,0.040454841
1.78869E+18,-0.079758421,0.040178379
1.78869E+18,-0.080007412,0.039929388
1.78869E+18,-0.080260195,0.039676605
1.78869E+18,-0.080550782,0.039386018
1.78869E+18,-0.080848232,0.039088568
1.78869E+18,-0.081157185,0.038779615
1.78869E+18,-0.081461743,0.038475057
1.78869E+18,-0.081679016,0.038257784
1.78869E+18,-0.081877932,0.038058868
1.78869E+18,-0.082206093,0.037730707
1.78869E+18,-0.082498297,0.037438503
1.78869E+18,-0.082706109,0.037230691
1.78869E+18,-0.082936861,0.036999939
1.78869E+18,-0.083193257,0.036743543
1.78869E+18,-0.083483569,0.036453231
1.78869E+18,-0.083753251,0.036183549
1.78869E+18,-0.083966501,0.035970299
1.78869E+18,-0.084178187,0.035758613
1.78869E+18,-0.084393591,0.035543209
1.78869E+18,-0.084581636,0.035355164
1.78869E+18,-0.084756918,0.035179882
1.78869E+18,-0.084968202,0.034968598
1.78869E+18,-0.085139051,0.034797749
1.78869E+18,-0.085294992,0.034641808
1.78869E+18,-0.085444599,0.034492201
1.78869E+18,-0.085595362,0.034341438
1.78869E+18,-0.085819811,0.034116989
1.78869E+18,-0.085983276,0.033953524
1.78869E+18,-0.086093985,0.033842815
1.78869E+18,-0.086245716,0.033691084
1.78869E+18,-0.086405911,0.033530889
1.78869E+18,-0.086627617,0.033309183
1.78869E+18,-0.086746819,0.033189981
1.78869E+18,-0.086951196,0.032985604
1.78869E+18,-0.087170832,0.032765968
1.78869E+18,-0.087407902,0.032528898
1.78869E+18,-0.087636635,0.032300165
1.78869E+18,-0.087898545,0.032038255
1.78869E+18,-0.088047676,0.031889124
1.78869E+18,-0.088198967,0.031737833
1.78869E+18,-0.08843717,0.03149963
1.78869E+18,-0.08865115,0.03128565
1.78869E+18,-0.088852718,0.031084082
1.78869E+18,-0.089031123,0.030905677
1.78869E+18,-0.08920823,0.03072857
1.78869E+18,-0.089392394,0.030544406
1.78869E+18,-0.089621872,0.030314928
1.78869E+18,-0.089785263,0.030151537
1.78869E+18,-0.089916646,0.030020154
1.78869E+18,-0.090093583,0.029843217
1.78869E+18,-0.090286426,0.029650374
1.78869E+18,-0.090460755,0.029476045
1.78869E+18,-0.09065339,0.02928341
1.78869E+18,-0.090895243,0.029041557
1.78869E+18,-0.091129623,0.028807177
1.78869E+18,-0.09136223,0.02857457
1.78869E+18,-0.09160804,0.02832876
1.78869E+18,-0.091809414,0.028127386
1.78869E+18,-0.092052512,0.027884288
1.78869E+18,-0.092228867,0.027707933
1.78869E+18,-0.092395335,0.027541465
1.78869E+18,-0.092464723,0.027472077
1.78869E+18,-0.092567913,0.027368887
1.78869E+18,-0.092719905,0.027216895
1.78869E+18,-0.092840411,0.027096389
1.78869E+18,-0.093047306,0.026889494
1.78869E+18,-0.093284272,0.026652528
1.78869E+18,-0.093489848,0.026446952
1.78869E+18,-0.093646608,0.026290192
1.78869E+18,-0.09380924,0.02612756
1.78869E+18,-0.09396629,0.02597051
1.78869E+18,-0.094098009,0.025838791
1.78869E+18,-0.094177149,0.025759651
1.78869E+18,-0.094231173,0.025705627
1.78869E+18,-0.094365321,0.025571479
1.78869E+18,-0.094552524,0.025384276
1.78869E+18,-0.094690368,0.025246432
1.78869E+18,-0.094795667,0.025141133
1.78869E+18,-0.094933107,0.025003693
1.78869E+18,-0.095037408,0.024899392
1.78869E+18,-0.095163062,0.024773738
1.78869E+18,-0.095306434,0.024630366
1.78869E+18,-0.095314398,0.024622402
1.78869E+18,-0.095400177,0.024536623
1.78869E+18,-0.095498547,0.024438253
1.78869E+18,-0.095662974,0.024273826
1.78869E+18,-0.095793799,0.024143001
1.78869E+18,-0.095881522,0.024055278
1.78869E+18,-0.096002758,0.023934042
1.78869E+18,-0.096188895,0.023747905
1.78869E+18,-0.096293636,0.023643164
1.78869E+18,-0.096370205,0.023566595
1.78869E+18,-0.096497998,0.023438802
1.78869E+18,-0.09664616,0.02329064
1.78869E+18,-0.096720621,0.023216179
1.78869E+18,-0.096807562,0.023129238
1.78869E+18,-0.096911944,0.023024856
1.78869E+18,-0.096985169,0.022951631
1.78869E+18,-0.097041629,0.022895171
1.78869E+18,-0.097144395,0.022792405
1.78869E+18,-0.097274534,0.022662266
1.78869E+18,-0.097443037,0.022493763
1.78869E+18,-0.097598374,0.022338426
1.78869E+18,-0.097703904,0.022232896
1.78869E+18,-0.097879559,0.022057241
1.78869E+18,-0.098077267,0.021859533
1.78869E+18,-0.098198928,0.021737872
1.78869E+18,-0.098395236,0.021541564
1.78869E+18,-0.098564625,0.021372175
1.78869E+18,-0.098673001,0.021263799
1.78869E+18,-0.098713778,0.021223022
1.78869E+18,-0.098824918,0.021111882
1.78869E+18,-0.098880708,0.021056092
1.78869E+18,-0.09886346,0.02107334
1.78869E+18,-0.098909028,0.021027772
1.78869E+18,-0.098941088,0.020995712
1.78869E+18,-0.098996207,0.020940593
1.78869E+18,-0.099104904,0.020831896
1.78869E+18,-0.099253677,0.020683123
1.78869E+18,-0.099460952,0.020475848
1.78869E+18,-0.099492714,0.020444086
1.78869E+18,-0.099511027,0.020425773
1.78869E+18,-0.099644609,0.020292191
1.78869E+18,-0.099710003,0.020226797
1.78869E+18,-0.099889018,0.020047782
1.78869E+18,-0.10003338,0.01990342
1.78869E+18,-0.10010577,0.01983103
1.78869E+18,-0.100126654,0.019810146
1.78869E+18,-0.100193352,0.019743448
1.78869E+18,-0.100333825,0.019602975
1.78869E+18,-0.10041333,0.01952347
1.78869E+18,-0.100430474,0.019506326
1.78869E+18,-0.10054031,0.01939649
1.78869E+18,-0.100680225,0.019256575
1.78869E+18,-0.100777254,0.019159546
1.78869E+18,-0.100829497,0.019107303
1.78869E+18,-0.100961804,0.018974996
1.78869E+18,-0.10112723,0.01880957
1.78869E+18,-0.101232357,0.018704443
1.78869E+18,-0.10136576,0.01857104
1.78869E+18,-0.101501264,0.018435536
1.78869E+18,-0.101686187,0.018250613
1.78869E+18,-0.101822004,0.018114796
1.78869E+18,-0.101812907,0.018123893
1.78869E+18,-0.10183011,0.01810669
1.78869E+18,-0.101857923,0.018078877
1.78869E+18,-0.10188847,0.01804833
1.78869E+18,-0.101893045,0.018043755
1.78869E+18,-0.101975784,0.017961016
1.78869E+18,-0.102025196,0.017911604
1.78869E+18,-0.10216701,0.01776979
1.78869E+18,-0.102276631,0.017660169
1.78869E+18,-0.102444008,0.017492792
1.78869E+18,-0.102491923,0.017444877
1.78869E+18,-0.102516189,0.017420611
1.78869E+18,-0.102626957,0.017309843
1.78869E+18,-0.102675624,0.017261176
1.78869E+18,-0.102718867,0.017217933
1.78869E+18,-0.10275849,0.01717831
1.78869E+18,-0.102793135,0.017143665
1.78869E+18,-0.102785073,0.017151727
1.78869E+18,-0.102857865,0.017078935
1.78869E+18,-0.102918677,0.017018123
1.78869E+18,-0.103034474,0.016902326
1.78869E+18,-0.103110492,0.016826308
1.78869E+18,-0.103205301,0.016731499
1.78869E+18,-0.103227623,0.016709177
1.78869E+18,-0.103409827,0.016526973
1.78869E+18,-0.103407614,0.016529186
1.78869E+18,-0.103373885,0.016562915
1.78869E+18,-0.103467844,0.016468956
1.78869E+18,-0.103560418,0.016376382
1.78869E+18,-0.103636108,0.016300692
1.78869E+18,-0.103704982,0.016231818
1.78869E+18,-0.103683166,0.016253634
1.78869E+18,-0.103698477,0.016238323
1.78869E+18,-0.103764504,0.016172296
1.78869E+18,-0.103878126,0.016058674
1.78869E+18,-0.103931636,0.016005164
1.78869E+18,-0.103885941,0.016050859
1.78869E+18,-0.103976488,0.015960312
1.78869E+18,-0.104053244,0.015883556
1.78869E+18,-0.104115389,0.015821411
1.78869E+18,-0.104213297,0.015723503
1.78869E+18,-0.104280852,0.015655948
1.78869E+18,-0.104295865,0.015640935
1.78869E+18,-0.104342021,0.015594779
1.78869E+18,-0.104336709,0.015600091
1.78869E+18,-0.104458675,0.015478125
1.78869E+18,-0.10456416,0.01537264
1.78869E+18,-0.104579784,0.015357016
1.78869E+18,-0.104655251,0.015281549
1.78869E+18,-0.104753859,0.015182941
1.78869E+18,-0.104884088,0.015052712
1.78869E+18,-0.104899511,0.015037289
1.78869E+18,-0.104905613,0.015031187
1.78869E+18,-0.104938872,0.014997928
1.78869E+18,-0.104950115,0.014986685
1.78869E+18,-0.104966134,0.014970666
1.78869E+18,-0.105037302,0.014899498
1.78869E+18,-0.10514085,0.01479595
1.78869E+18,-0.105223559,0.014713241
1.78869E+18,-0.105285682,0.014651118
1.78869E+18,-0.105286896,0.014649904
1.78869E+18,-0.10528893,0.01464787
1.78869E+18,-0.105344146,0.014592654
1.78869E+18,-0.105375998,0.014560802
1.78869E+18,-0.105397031,0.014539769
1.78869E+18,-0.105411619,0.014525181
1.78869E+18,-0.105471231,0.014465569
1.78869E+18,-0.105471298,0.014465502
1.78869E+18,-0.105495892,0.014440908
1.78869E+18,-0.105583698,0.014353102
1.78869E+18,-0.105622657,0.014314143
1.78869E+18,-0.105684258,0.014252542
1.78869E+18,-0.105773158,0.014163642
1.78869E+18,-0.105823107,0.014113693
1.78869E+18,-0.10580343,0.01413337
1.78869E+18,-0.105833299,0.014103501
1.78869E+18,-0.105886392,0.014050408
1.78869E+18,-0.105908863,0.014027937
1.78869E+18,-0.105945729,0.013991071
1.78869E+18,-0.105985731,0.013951069
1.78869E+18,-0.106073871,0.013862929
1.78869E+18,-0.106084205,0.013852595
1.78869E+18,-0.106138274,0.013798526
1.78869E+18,-0.106215954,0.013720846
1.78869E+18,-0.106254183,0.013682617
1.78869E+18,-0.106304914,0.013631886
1.78869E+18,-0.106294267,0.013642533
1.78869E+18,-0.106302358,0.013634442
1.78869E+18,-0.10643483,0.01350197
1.78869E+18,-0.106542595,0.013394205
1.78869E+18,-0.106632352,0.013304448
1.78869E+18,-0.1066451,0.0132917
1.78869E+18,-0.106711589,0.013225211
1.78869E+18,-0.106765866,0.013170934
1.78869E+18,-0.106853954,0.013082846
1.78869E+18,-0.106941067,0.012995733
1.78869E+18,-0.107027821,0.012908979
1.78869E+18,-0.107040443,0.012896357
1.78869E+18,-0.107080884,0.012855916
1.78869E+18,-0.10714335,0.01279345
1.78869E+18,-0.107169002,0.012767798
1.78869E+18,-0.107194103,0.012742697
1.78869E+18,-0.107255444,0.012681356
1.78869E+18,-0.107212171,0.012724629
1.78869E+18,-0.107161552,0.012775248
1.78869E+18,-0.10720294,0.01273386
1.78869E+18,-0.107277073,0.012659727
1.78869E+18,-0.107338548,0.012598252
1.78869E+18,-0.107336044,0.012600756
1.78869E+18,-0.107354842,0.012581958
1.78869E+18,-0.107339099,0.012597701
1.78869E+18,-0.107392311,0.012544489
1.78869E+18,-0.107502677,0.012434123
1.78869E+18,-0.107544623,0.012392177
1.78869E+18,-0.107626341,0.012310459
1.78869E+18,-0.107589625,0.012347175
1.78869E+18,-0.107572496,0.012364304
1.78869E+18,-0.107589565,0.012347235
1.78869E+18,-0.107585669,0.012351131
1.78869E+18,-0.107589051,0.012347749
1.78869E+18,-0.10759864,0.01233816
1.78869E+18,-0.107587889,0.012348911
1.78869E+18,-0.107698783,0.012238017
1.78869E+18,-0.107685909,0.012250891
1.78869E+18,-0.107706703,0.012230097
1.78869E+18,-0.107727662,0.012209138
1.78869E+18,-0.107822739,0.012114061
1.78869E+18,-0.107846789,0.012090011
1.78869E+18,-0.107863933,0.012072867
1.78869E+18,-0.107815154,0.012121646
1.78869E+18,-0.107835472,0.012101328
1.78869E+18,-0.107857354,0.012079446
1.78869E+18,-0.107834585,0.012102215
1.78869E+18,-0.107872136,0.012064664
1.78869E+18,-0.107905604,0.012031196
1.78869E+18,-0.107925326,0.012011474
1.78869E+18,-0.107972175,0.011964625
1.78869E+18,-0.108014479,0.011922321
1.78869E+18,-0.108127102,0.011809698
1.78869E+18,-0.108197182,0.011739618
1.78869E+18,-0.108240053,0.011696747
1.78869E+18,-0.108225137,0.011711663
1.78869E+18,-0.108207986,0.011728814
1.78869E+18,-0.108143874,0.011792926
1.78869E+18,-0.108145706,0.011791094
1.78869E+18,-0.108087681,0.011849119
1.78869E+18,-0.108048953,0.011887847
1.78869E+18,-0.108069025,0.011867775
1.78869E+18,-0.108036317,0.011900483
1.78869E+18,-0.108065926,0.011870874
1.78869E+18,-0.108047478,0.011889322
1.78869E+18,-0.108021043,0.011915757
1.78869E+18,-0.107999057,0.011937743
1.78869E+18,-0.107978076,0.011958724
1.78869E+18,-0.107989825,0.011946975
1.78869E+18,-0.108068325,0.011868475
1.78869E+18,-0.108102962,0.011833838
1.78869E+18,-0.108145773,0.011791027
1.78869E+18,-0.108089574,0.011847226
1.78869E+18,-0.108095199,0.011841601
1.78869E+18,-0.108098604,0.011838196
1.78869E+18,-0.108161211,0.011775589
1.78869E+18,-0.108177491,0.011759309
1.78869E+18,-0.108194612,0.011742188
1.78869E+18,-0.108236961,0.011699839
1.78869E+18,-0.108300567,0.011636233
1.78869E+18,-0.108278289,0.011658511
1.78869E+18,-0.108300783,0.011636017
1.78869E+18,-0.108355947,0.011580853
1.78869E+18,-0.108286679,0.011650121
1.78869E+18,-0.108400621,0.011536179
1.78869E+18,-0.108426206,0.011510594
1.78869E+18,-0.108534336,0.011402464
1.78869E+18,-0.108581439,0.011355361
1.78869E+18,-0.108595461,0.011341339
1.78869E+18,-0.108603179,0.011333621
1.78869E+18,-0.108602308,0.011334492
1.78869E+18,-0.108674593,0.011262207
1.78869E+18,-0.108713694,0.011223106
1.78869E+18,-0.108732663,0.011204137
1.78869E+18,-0.108743161,0.011193639
1.78869E+18,-0.108764,0.0111728
1.78869E+18,-0.108793668,0.011143132
1.78869E+18,-0.108885147,0.011051653
1.78869E+18,-0.10889753,0.01103927
1.78869E+18,-0.108933449,0.011003351
1.78869E+18,-0.108932704,0.011004096
1.78869E+18,-0.108922198,0.011014602
1.78869E+18,-0.108983703,0.010953097
1.78869E+18,-0.108977459,0.010959341
1.78869E+18,-0.109083727,0.010853073
1.78869E+18,-0.109115385,0.010821415
1.78869E+18,-0.109084979,0.010851821
1.78869E+18,-0.109101661,0.010835139
1.78869E+18,-0.109074458,0.010862342
1.78869E+18,-0.10913574,0.01080106
1.78869E+18,-0.109140746,0.010796054
1.78869E+18,-0.10913603,0.01080077
1.78869E+18,-0.109129526,0.010807274
1.78869E+18,-0.10919179,0.01074501
1.78869E+18,-0.109238923,0.010697877
1.78869E+18,-0.109248802,0.010687998
1.78869E+18,-0.109292753,0.010644047
1.78869E+18,-0.109365404,0.010571396
1.78869E+18,-0.109349489,0.010587311
1.78869E+18,-0.109306335,0.010630465
1.78869E+18,-0.109377928,0.010558872
1.78869E+18,-0.109437749,0.010499051
1.78869E+18,-0.109404288,0.010532512
1.78869E+18,-0.109370917,0.010565883
1.78869E+18,-0.109305054,0.010631746
1.78869E+18,-0.109236151,0.010700649
1.78869E+18,-0.1093041,0.0106327
1.78869E+18,-0.109246507,0.010690293
1.78869E+18,-0.109302886,0.010633914
1.78869E+18,-0.109298818,0.010637982
1.78869E+18,-0.109309077,0.010627723
1.78869E+18,-0.109317325,0.010619475
1.78869E+18,-0.109269552,0.010667248
1.78869E+18,-0.109233037,0.010703763
1.78869E+18,-0.109203652,0.010733148
1.78869E+18,-0.109274931,0.010661869
1.78869E+18,-0.109308027,0.010628773
1.78869E+18,-0.109236628,0.010700172
1.78869E+18,-0.109271333,0.010665467
1.78869E+18,-0.1093399,0.0105969
1.78869E+18,-0.109406799,0.010530001
1.78869E+18,-0.109433308,0.010503492
1.78869E+18,-0.109504931,0.010431869
1.78869E+18,-0.109590471,0.010346329
1.78869E+18,-0.109605879,0.010330921
1.78869E+18,-0.10961286,0.01032394
1.78869E+18,-0.109589256,0.010347544
1.78869E+18,-0.109575152,0.010361648
1.78869E+18,-0.109613754,0.010323046
1.78869E+18,-0.109677576,0.010259224
1.78869E+18,-0.109687157,0.010249643
1.78869E+18,-0.109635279,0.010301521
1.78869E+18,-0.109698899,0.010237901
1.78869E+18,-0.109769844,0.010166956
1.78869E+18,-0.10989017,0.01004663
1.78869E+18,-0.109973684,0.009963116
1.78869E+18,-0.109987251,0.009949549
1.78869E+18,-0.110015258,0.009921542
1.78869E+18,-0.110016078,0.009920722
1.78869E+18,-0.109966427,0.009970373
1.78869E+18,-0.109989136,0.009947664
1.78869E+18,-0.109897621,0.010039179
1.78869E+18,-0.109831646,0.010105154
1.78869E+18,-0.109779932,0.010156868
1.78869E+18,-0.109766871,0.010169929
1.78869E+18,-0.109778695,0.010158105
1.78869E+18,-0.109808728,0.010128072
1.78869E+18,-0.109854773,0.010082027
1.78869E+18,-0.109832369,0.010104431
1.78869E+18,-0.109882489,0.010054311
1.78869E+18,-0.109817728,0.010119072
1.78869E+18,-0.10984055,0.01009625
1.78869E+18,-0.109863505,0.010073295
1.78869E+18,-0.109851047,0.010085753
1.78869E+18,-0.109905794,0.010031006
1.78869E+18,-0.109894261,0.010042539
1.78869E+18,-0.109754749,0.010182051
1.78869E+18,-0.109781861,0.010154939
1.78869E+18,-0.10981787,0.01011893
1.78869E+18,-0.109793082,0.010143718
1.78869E+18,-0.10981781,0.01011899
1.78869E+18,-0.109914944,0.010021856
1.78869E+18,-0.110012174,0.009924626
1.78869E+18,-0.110015117,0.009921683
1.78869E+18,-0.110018156,0.009918644
1.78869E+18,-0.110020593,0.009916207
1.78869E+18,-0.110109165,0.009827635
1.78869E+18,-0.110168546,0.009768254
1.78869E+18,-0.110209584,0.009727216
1.78869E+18,-0.110222287,0.009714513
1.78869E+18,-0.110260837,0.009675963
1.78869E+18,-0.110293455,0.009643345
1.78869E+18,-0.110374272,0.009562528
1.78869E+18,-0.110421136,0.009515664
1.78869E+18,-0.110519268,0.009417532
1.78869E+18,-0.110537797,0.009399003
1.78869E+18,-0.11060188,0.00933492
1.78869E+18,-0.110657655,0.009279145
1.78869E+18,-0.110655114,0.009281686
1.78869E+18,-0.11064849,0.00928831
1.78869E+18,-0.110588372,0.009348428
1.78869E+18,-0.110507011,0.009429789
1.78869E+18,-0.110472232,0.009464568
1.78869E+18,-0.110445067,0.009491733
1.78869E+18,-0.110384494,0.009552306
1.78869E+18,-0.110318989,0.009617811
1.78869E+18,-0.110336594,0.009600206
1.78869E+18,-0.110426098,0.009510702
1.78869E+18,-0.110512331,0.009424469
1.78869E+18,-0.11055398,0.00938282
1.78869E+18,-0.11053548,0.00940132
1.78869E+18,-0.110553265,0.009383535
1.78869E+18,-0.110521026,0.009415774
1.78869E+18,-0.110415243,0.009521557
1.78869E+18,-0.110199399,0.009737401
1.78869E+18,-0.110056691,0.009880109
1.78869E+18,-0.109921783,0.010015017
1.78869E+18,-0.109791182,0.010145618
1.78869E+18,-0.10976956,0.01016724
1.78869E+18,-0.109698251,0.010238549
1.78869E+18,-0.109764174,0.010172626
1.78869E+18,-0.109906338,0.010030462
1.78869E+18,-0.110030361,0.009906439
1.78869E+18,-0.110106558,0.009830242
1.78869E+18,-0.110172138,0.009764662
1.78869E+18,-0.110260159,0.009676641
1.78869E+18,-0.110296682,0.009640118
1.78869E+18,-0.110206611,0.009730189
1.78869E+18,-0.110139847,0.009796953
1.78869E+18,-0.110074975,0.009861825
1.78869E+18,-0.110027477,0.009909323
1.78869E+18,-0.109953769,0.009983031
1.78869E+18,-0.10984318,0.01009362
1.78869E+18,-0.10983251,0.01010429
1.78869E+18,-0.109854281,0.010082519
1.78869E+18,-0.109876305,0.010060495
1.78869E+18,-0.109925136,0.010011664
1.78869E+18,-0.109900348,0.010036452
1.78869E+18,-0.109948218,0.009988582
1.78869E+18,-0.109941885,0.009994915
1.78869E+18,-0.109904692,0.010032108
1.78869E+18,-0.109932944,0.010003856
1.78869E+18,-0.109938204,0.009998596
1.78869E+18,-0.110011697,0.009925103
1.78869E+18,-0.110045724,0.009891076
1.78869E+18,-0.110104635,0.009832165
1.78869E+18,-0.110142633,0.009794167
1.78869E+18,-0.110145546,0.009791254
1.78869E+18,-0.110227413,0.009709387
1.78869E+18,-0.110256769,0.009680031
1.78869E+18,-0.110254325,0.009682475
1.78869E+18,-0.110150173,0.009786627
1.78869E+18,-0.110034995,0.009901805
1.78869E+18,-0.109896868,0.010039932
1.78869E+18,-0.109689653,0.010247147
1.78869E+18,-0.109529473,0.010407327
1.78869E+18,-0.10951414,0.01042266
1.78869E+18,-0.109494887,0.010441913
1.78869E+18,-0.10950835,0.01042845
1.78869E+18,-0.109594218,0.010342582
1.78869E+18,-0.109699488,0.010237312
1.78869E+18,-0.109902576,0.010034224
1.78869E+18,-0.110113911,0.009822889
1.78869E+18,-0.110200815,0.009735985
1.78869E+18,-0.110337637,0.009599163
1.78869E+18,-0.110418059,0.009518741
1.78869E+18,-0.110405728,0.009531072
1.78869E+18,-0.110365041,0.009571759
1.78869E+18,-0.11029543,0.00964137
1.78869E+18,-0.110269487,0.009667313
1.78869E+18,-0.110180877,0.009755923
1.78869E+18,-0.110061705,0.009875095
1.78869E+18,-0.110085465,0.009851335
1.78869E+18,-0.110178605,0.009758195
1.78869E+18,-0.1102264,0.0097104
1.78869E+18,-0.110348113,0.009588687
1.78869E+18,-0.110454381,0.009482419
1.78869E+18,-0.110502824,0.009433976
1.78869E+18,-0.110370316,0.009566484
1.78869E+18,-0.110240757,0.009696043
1.78869E+18,-0.110084325,0.009852475
1.78869E+18,-0.10994757,0.00998923
1.78869E+18,-0.109874651,0.010062149
1.78869E+18,-0.109763563,0.010173237
1.78869E+18,-0.109699734,0.010237066
1.78869E+18,-0.109750658,0.010186142
1.78869E+18,-0.109850146,0.010086654
1.78869E+18,-0.109901309,0.010035491
1.78869E+18,-0.109960206,0.009976594
1.78869E+18,-0.110055685,0.009881115
1.78869E+18,-0.110104859,0.009831941
1.78869E+18,-0.110114858,0.009821942
1.78869E+18,-0.110095404,0.009841396
1.78869E+18,-0.110056616,0.009880184
1.78869E+18,-0.109867185,0.010069615
1.78869E+18,-0.109736376,0.010200424
1.78869E+18,-0.109580882,0.010355918
1.78869E+18,-0.109480061,0.010456739
1.78869E+18,-0.109489046,0.010447754
1.78869E+18,-0.10942471,0.01051209
1.78869E+18,-0.109510481,0.010426319
1.78869E+18,-0.10964407,0.01029273
1.78869E+18,-0.109785721,0.010151079
1.78869E+18,-0.109882019,0.010054781
1.78869E+18,-0.110019535,0.009917265
1.78869E+18,-0.110024981,0.009911819
1.78869E+18,-0.110101908,0.009834892
1.78869E+18,-0.110167369,0.009769431
1.78869E+18,-0.110107467,0.009829333
1.78869E+18,-0.110002071,0.009934729
1.78869E+18,-0.109894603,0.010042197
1.78869E+18,-0.109949276,0.009987524
1.78869E+18,-0.110090874,0.009845926
1.78869E+18,-0.110245511,0.009691289
1.78869E+18,-0.110384606,0.009552194
1.78869E+18,-0.110526904,0.009409896
1.78869E+18,-0.110538065,0.009398735
1.78869E+18,-0.11061535,0.00932145
1.78869E+18,-0.110627569,0.009309231
1.78869E+18,-0.110536419,0.009400381
1.78869E+18,-0.110473439,0.009463361
1.78869E+18,-0.110357367,0.009579433
1.78869E+18,-0.110278174,0.009658626
1.78869E+18,-0.110337831,0.009598969
1.78869E+18,-0.110258631,0.009678169
1.78869E+18,-0.110220738,0.009716062
1.78869E+18,-0.110239893,0.009696907
1.78869E+18,-0.110279918,0.009656882
1.78869E+18,-0.11031945,0.00961735
1.78869E+18,-0.110372208,0.009564592
1.78869E+18,-0.110416308,0.009520492
1.78869E+18,-0.110471301,0.009465499
1.78869E+18,-0.110472351,0.009464449
1.78869E+18,-0.11040812,0.00952868
1.78869E+18,-0.11034777,0.00958903
1.78869E+18,-0.11018341,0.00975339
1.78869E+18,-0.109978013,0.009958787
1.78869E+18,-0.109818801,0.010117999
1.78869E+18,-0.10968753,0.01024927
1.78869E+18,-0.109558418,0.010378382
1.78869E+18,-0.109475479,0.010461321
1.78869E+18,-0.109401561,0.010535239
1.78869E+18,-0.109329306,0.010607494
1.78869E+18,-0.109263159,0.010673641
1.78869E+18,-0.109270938,0.010665862
1.78869E+18,-0.109279096,0.010657704
1.78869E+18,-0.109341994,0.010594806
1.78869E+18,-0.109385759,0.010551041
1.78869E+18,-0.109450877,0.010485923
1.78869E+18,-0.109571986,0.010364814
1.78869E+18,-0.109657884,0.010278916
1.78869E+18,-0.109764494,0.010172306
1.78869E+18,-0.10987217,0.01006463
1.78869E+18,-0.109995134,0.009941666
1.78869E+18,-0.110040277,0.009896523
1.78869E+18,-0.110090174,0.009846626
1.78869E+18,-0.110135704,0.009801096
1.78869E+18,-0.110255055,0.009681745
1.78869E+18,-0.110330224,0.009606576
1.78869E+18,-0.110325411,0.009611389
1.78869E+18,-0.110336974,0.009599826
1.78869E+18,-0.110342182,0.009594618
1.78869E+18,-0.110374235,0.009562565
1.78869E+18,-0.110390969,0.009545831
1.78869E+18,-0.110318892,0.009617908
1.78869E+18,-0.110242121,0.009694679
1.78869E+18,-0.110223837,0.009712963
1.78869E+18,-0.110255569,0.009681231
1.78869E+18,-0.110188127,0.009748673
1.78869E+18,-0.110110223,0.009826577
1.78869E+18,-0.110105187,0.009831613
1.78869E+18,-0.110066801,0.009869999
1.78869E+18,-0.110058591,0.009878209
1.78869E+18,-0.110028222,0.009908578
1.78869E+18,-0.110056929,0.009879871
1.78869E+18,-0.110079437,0.009857363
1.78869E+18,-0.110152684,0.009784116
1.78869E+18,-0.110220067,0.009716733
1.78869E+18,-0.110191673,0.009745127
1.78869E+18,-0.110125974,0.009810826
1.78869E+18,-0.110027984,0.009908816
1.78869E+18,-0.109930076,0.010006724
1.78869E+18,-0.109827608,0.010109192
1.78869E+18,-0.109743498,0.010193302
1.78869E+18,-0.109631062,0.010305738
1.78869E+18,-0.109558433,0.010378367
1.78869E+18,-0.109485909,0.010450891
1.78869E+18,-0.109432124,0.010504676
1.78869E+18,-0.109473683,0.010463117
1.78869E+18,-0.109498091,0.010438709
1.78869E+18,-0.109656565,0.010280235
1.78869E+18,-0.109745711,0.010191089
1.78869E+18,-0.109896563,0.010040237
1.78869E+18,-0.110023566,0.009913234
1.78869E+18,-0.110127993,0.009808807
1.78869E+18,-0.110116795,0.009820005
1.78869E+18,-0.110253848,0.009682952
1.78869E+18,-0.110385679,0.009551121
1.78869E+18,-0.110429123,0.009507677
1.78869E+18,-0.110451072,0.009485728
1.78869E+18,-0.110473186,0.009463614
1.78869E+18,-0.110520981,0.009415819
1.78869E+18,-0.110560335,0.009376465
1.78869E+18,-0.110537745,0.009399055
1.78869E+18,-0.11050608,0.00943072
1.78869E+18,-0.110426597,0.009510203
1.78869E+18,-0.110368073,0.009568727
1.78869E+18,-0.110297449,0.009639351
1.78869E+18,-0.110289738,0.009647062
1.78869E+18,-0.110291161,0.009645639
1.78869E+18,-0.110333569,0.009603231
1.78869E+18,-0.110408023,0.009528777
1.78869E+18,-0.110407576,0.009529224
1.78869E+18,-0.110443406,0.009493394
1.78869E+18,-0.110556744,0.009380056
1.78869E+18,-0.110663645,0.009273155
1.78869E+18,-0.110694185,0.009242615
1.78869E+18,-0.110712521,0.009224279
1.78869E+18,-0.110765219,0.009171581
1.78869E+18,-0.110879488,0.009057312
1.78869E+18,-0.11095424,0.00898256
1.78869E+18,-0.11098998,0.00894682
1.78869E+18,-0.110988058,0.008948742
1.78869E+18,-0.110915639,0.009021161
1.78869E+18,-0.11085052,0.00908628
1.78869E+18,-0.110794246,0.009142554
1.78869E+18,-0.110615589,0.009321211
1.78869E+18,-0.110403687,0.009533113
1.78869E+18,-0.110230662,0.009706138
1.78869E+18,-0.110045113,0.009891687
1.78869E+18,-0.109967947,0.009968853
1.78869E+18,-0.110006697,0.009930103
1.78869E+18,-0.110121183,0.009815617
1.78869E+18,-0.110232621,0.009704179
1.78869E+18,-0.110440895,0.009495905
1.78869E+18,-0.110588484,0.009348316
1.78869E+18,-0.110764794,0.009172006
1.78869E+18,-0.110879973,0.009056827
1.78869E+18,-0.110981293,0.008955507
1.78869E+18,-0.110998333,0.008938467
1.78869E+18,-0.110976227,0.008960573
1.78869E+18,-0.110977061,0.008959739
1.78869E+18,-0.110953271,0.008983529
1.78869E+18,-0.1109308,0.009006
1.78869E+18,-0.110862993,0.009073807
1.78869E+18,-0.110913083,0.009023717
1.78869E+18,-0.111035787,0.008901013
1.78869E+18,-0.111122258,0.008814542
1.78869E+18,-0.111194909,0.008741891
1.78869E+18,-0.111265756,0.008671044
1.78869E+18,-0.111261204,0.008675596
1.78869E+18,-0.111216828,0.008719972
1.78869E+18,-0.111063018,0.008873782
1.78869E+18,-0.110905714,0.009031086
1.78869E+18,-0.110738553,0.009198247
1.78869E+18,-0.110550612,0.009386188
1.78869E+18,-0.110405587,0.009531213
1.78869E+18,-0.110279642,0.009657158
1.78869E+18,-0.110243142,0.009693658
1.78869E+18,-0.110288598,0.009648202
1.78869E+18,-0.110392481,0.009544319
1.78869E+18,-0.110493883,0.009442917
1.78869E+18,-0.11063686,0.00929994
1.78869E+18,-0.110737137,0.009199663
1.78869E+18,-0.110732771,0.009204029
1.78869E+18,-0.110652164,0.009284636
1.78869E+18,-0.110571206,0.009365594
1.78869E+18,-0.110458449,0.009478351
1.78869E+18,-0.11039681,0.00953999
1.78869E+18,-0.110245004,0.009691796
1.78869E+18,-0.110247411,0.009689389
1.78869E+18,-0.110184833,0.009751967
1.78869E+18,-0.110216297,0.009720503
1.78869E+18,-0.110382341,0.009554459
1.78869E+18,-0.110503204,0.009433596
1.78869E+18,-0.110622093,0.009314707
1.78869E+18,-0.11066068,0.00927612
1.78869E+18,-0.110751756,0.009185044
1.78869E+18,-0.110829607,0.009107193
1.78869E+18,-0.110844262,0.009092538
1.78869E+18,-0.110957727,0.008979073
1.78869E+18,-0.110993229,0.008943571
1.78869E+18,-0.111089572,0.008847228
1.78869E+18,-0.111302443,0.008634357
1.78869E+18,-0.111465529,0.008471271
1.78869E+18,-0.111616604,0.008320196
1.78869E+18,-0.111763828,0.008172972
1.78869E+18,-0.111912474,0.008024326
1.78869E+18,-0.11205741,0.00787939
1.78869E+18,-0.112124063,0.007812737
1.78869E+18,-0.112128608,0.007808192
1.78869E+18,-0.112095296,0.007841504
1.78869E+18,-0.111946084,0.007990716
1.78869E+18,-0.111708194,0.008228606
1.78869E+18,-0.111545943,0.008390857
1.78869E+18,-0.11134214,0.00859466
1.78869E+18,-0.111162476,0.008774324
1.78869E+18,-0.110917889,0.009018911
1.78869E+18,-0.110777825,0.009158975
1.78869E+18,-0.110662706,0.009274094
1.78869E+18,-0.110501178,0.009435622
1.78869E+18,-0.110434234,0.009502566
1.78869E+18,-0.110465474,0.009471326
1.78869E+18,-0.110461973,0.009474827
1.78869E+18,-0.110480756,0.009456044
1.78869E+18,-0.110442057,0.009494743
1.78869E+18,-0.110319123,0.009617677
1.78869E+18,-0.110316426,0.009620374
1.78869E+18,-0.110236317,0.009700483
1.78869E+18,-0.11015708,0.00977972
1.78869E+18,-0.110052735,0.009884065
1.78869E+18,-0.109981813,0.009954987
1.78869E+18,-0.109945782,0.009991018
1.78869E+18,-0.109969117,0.009967683
1.78869E+18,-0.11004968,0.00988712
1.78869E+18,-0.110088371,0.009848429
1.78869E+18,-0.110128611,0.009808189
1.78869E+18,-0.110170074,0.009766726
1.78869E+18,-0.110251315,0.009685485
1.78869E+18,-0.110424764,0.009512036
1.78869E+18,-0.110542253,0.009394547
1.78869E+18,-0.110653684,0.009283116
1.78869E+18,-0.110758893,0.009177907
1.78869E+18,-0.110855691,0.009081109
1.78869E+18,-0.11105746,0.00887934
1.78869E+18,-0.111160748,0.008776052
1.78869E+18,-0.111286148,0.008650652
1.78869E+18,-0.111446746,0.008490054
1.78869E+18,-0.111555927,0.008380873
1.78869E+18,-0.111645527,0.008291273
1.78869E+18,-0.111673161,0.008263639
1.78869E+18,-0.111636147,0.008300653
1.78869E+18,-0.111638293,0.008298507
1.78869E+18,-0.11152254,0.00841426
1.78869E+18,-0.111454025,0.008482775
1.78869E+18,-0.111349963,0.008586837
1.78869E+18,-0.111221582,0.008715218
1.78869E+18,-0.111148492,0.008788308
1.78869E+18,-0.111211643,0.008725157
1.78869E+18,-0.111189596,0.008747204
1.78869E+18,-0.111224711,0.008712089
1.78869E+18,-0.111265764,0.008671036
1.78869E+18,-0.111356176,0.008580624
1.78869E+18,-0.111315995,0.008620805
1.78869E+18,-0.111355864,0.008580936
1.78869E+18,-0.111449324,0.008487476
1.78869E+18,-0.111440159,0.008496641
1.78869E+18,-0.111258313,0.008678487
1.78869E+18,-0.111124061,0.008812739
1.78869E+18,-0.111037694,0.008899106
1.78869E+18,-0.110873587,0.009063213
1.78869E+18,-0.110721447,0.009215353
1.78869E+18,-0.110636674,0.009300126
1.78869E+18,-0.110548519,0.009388281
1.78869E+18,-0.110543534,0.009393266
1.78869E+18,-0.110386014,0.009550786
1.78869E+18,-0.110299654,0.009637146
1.78869E+18,-0.110179774,0.009757026
1.78869E+18,-0.11011634,0.00982046
1.78869E+18,-0.110238492,0.009698308
1.78869E+18,-0.110283539,0.009653261
1.78869E+18,-0.110361986,0.009574814
1.78869E+18,-0.110476814,0.009459986
1.78869E+18,-0.110593013,0.009343787
1.78869E+18,-0.110714339,0.009222461
1.78869E+18,-0.110812768,0.009124032
1.78869E+18,-0.11088261,0.00905419
1.78869E+18,-0.110963307,0.008973493
1.78869E+18,-0.111040235,0.008896565
1.78869E+18,-0.111052848,0.008883952
1.78869E+18,-0.111023419,0.008913381
1.78869E+18,-0.111039899,0.008896901
1.78869E+18,-0.111053273,0.008883527
1.78869E+18,-0.111030169,0.008906631
1.78869E+18,-0.111050315,0.008886485
1.78869E+18,-0.111118875,0.008817925
1.78869E+18,-0.111119725,0.008817075
1.78869E+18,-0.111140534,0.008796266
1.78869E+18,-0.111093864,0.008842936
1.78869E+18,-0.109858826,0.010077974
1.78869E+18,-0.110303171,0.009633629
1.78869E+18,-0.110201038,0.009735762
1.78869E+18,-0.110079579,0.009857221
1.78869E+18,-0.109885551,0.010051249
1.78869E+18,-0.109870069,0.010066731
1.78869E+18,-0.110098086,0.009838714
1.78869E+18,-0.110426545,0.009510255
1.78869E+18,-0.110310741,0.009626059
1.78869E+18,-0.109934337,0.010002463
1.78869E+18,-0.109645359,0.010291441
1.78869E+18,-0.109557316,0.010379484
1.78869E+18,-0.10974855,0.01018825
1.78869E+18,-0.109824754,0.010112046
1.78869E+18,-0.109976344,0.009960456
1.78869E+18,-0.110201582,0.009735218
1.78869E+18,-0.110313378,0.009623422
1.78869E+18,-0.110592023,0.009344777
1.78869E+18,-0.110388003,0.009548797
